success,Vmin,Vmax,Vmin_bus,Vmax_bus,Vdev_max,P_loss,P_grid,pv_bus,penetration,load_factor
1,0.931744412566952,1,18,1,0.0682555874330482,0.125129564944601,2.91137955836376,2,0.05,0.8
1,0.932368378154645,1,18,1,0.0676316218453553,0.121918832644011,2.90816882639859,3,0.05,0.8
1,0.932834913710911,1,18,1,0.0671650862890892,0.120247842386406,2.90649783639708,4,0.05,0.8
1,0.933324781308672,1,18,1,0.0666752186913283,0.118585753262134,2.90483574755029,5,0.05,0.8
1,0.934402312413319,1,18,1,0.0655976875866814,0.115024631611359,2.90127462664344,6,0.05,0.8
1,0.934654608612088,1,18,1,0.0653453913879121,0.114581447354226,2.90083144260763,7,0.05,0.8
1,0.935563179053545,1,18,1,0.0644368209464548,0.113373330145871,2.89962332561714,8,0.05,0.8
1,0.936883813202607,1,18,1,0.0631161867973929,0.112047280197305,2.89829727600932,9,0.05,0.8
1,0.93722690275604,1,33,1,0.0627730972439603,0.110840618793593,2.89709061491493,10,0.05,0.8
1,0.937230247823397,1,33,1,0.0627697521766029,0.110643637433219,2.89689363359059,11,0.05,0.8
1,0.937235976489185,1,33,1,0.0627640235108151,0.110306378293254,2.89655637451233,12,0.05,0.8
1,0.93725968009352,1,33,1,0.0627403199064798,0.109156490588833,2.89540648712773,13,0.05,0.8
1,0.937268498974285,1,33,1,0.0627315010257149,0.108798161994657,2.89504815868781,14,0.05,0.8
1,0.93727311413727,1,33,1,0.0627268858627303,0.108582627844599,2.89483262460351,15,0.05,0.8
1,0.937276438974217,1,33,1,0.0627235610257832,0.108417875281986,2.89466787207402,16,0.05,0.8
1,0.937279068238091,1,33,1,0.0627209317619091,0.108311626529811,2.89456162334062,17,0.05,0.8
1,0.937278150169467,1,33,1,0.0627218498305325,0.108356216429834,2.89460621321098,18,0.05,0.8
1,0.931744481861421,1,18,1,0.0682555181385793,0.125054077874257,2.91130407129344,19,0.05,0.8
1,0.931744876236812,1,18,1,0.068255123763188,0.124616568362734,2.91086656178379,20,0.05,0.8
1,0.931744924937723,1,18,1,0.0682550750622772,0.124567108194104,2.91081710161507,21,0.05,0.8
1,0.931744888963204,1,18,1,0.0682551110367957,0.124601949989391,2.91085194341036,22,0.05,0.8
1,0.932372205634242,1,18,1,0.0676277943657581,0.121184772075335,2.90743476584936,23,0.05,0.8
1,0.932379295946198,1,18,1,0.0676207040538025,0.119875234877621,2.9061252286894,24,0.05,0.8
1,0.932382278045178,1,18,1,0.0676177219548215,0.119323091240838,2.90557308506834,25,0.05,0.8
1,0.934409186155677,1,18,1,0.0655908138443232,0.114652175782828,2.90090217088959,26,0.05,0.8
1,0.934418132734028,1,18,1,0.0655818672659719,0.114167483286279,2.90041747848932,27,0.05,0.8
1,0.934454493566548,1,18,1,0.0655455064334517,0.112467568650555,2.89871756426038,28,0.05,0.8
1,0.934479777088487,1,18,1,0.0655202229115132,0.111280994931886,2.89753099077927,29,0.05,0.8
1,0.934490746435429,1,18,1,0.0655092535645707,0.110686981221869,2.89693697709737,30,0.05,0.8
1,0.934506528962995,1,18,1,0.0654934710370053,0.109975932990714,2.89622592914213,31,0.05,0.8
1,0.934509261230577,1,18,1,0.0654907387694235,0.109859749148073,2.89610974534526,32,0.05,0.8
1,0.934508007977173,1,18,1,0.0654919920228272,0.109907378599684,2.89615737474861,33,0.05,0.8
1,0.93185974110424,1,18,1,0.0681402588957598,0.124496173610019,2.72499616708643,2,0.1,0.8
1,0.93310644374353,1,18,1,0.0668935562564704,0.118304136993206,2.71880413111802,3,0.1,0.8
1,0.934037403362197,1,18,1,0.0659625966378035,0.115142604476484,2.71564259907251,4,0.1,0.8
1,0.935013796369992,1,18,1,0.0649862036300081,0.112015844564568,2.71251583964954,5,0.1,0.8
1,0.937156138155897,1,18,1,0.0628438618441025,0.10535877422138,2.70585877049541,6,0.1,0.8
1,0.937654189089673,1,18,1,0.0623458109103265,0.104586200938728,2.70508619751411,7,0.1,0.8
1,0.939456316775478,1,18,1,0.0605436832245222,0.102557352800981,2.70305734965802,8,0.1,0.8
1,0.939990349363852,1,33,1,0.0600096506361479,0.10047955568735,2.70097955291931,9,0.1,0.8
1,0.94002672479165,1,33,1,0.0599732752083504,0.0986606250294513,2.6991606225522,10,0.1,0.8
1,0.94003153394916,1,33,1,0.0599684660508399,0.0983769604304401,2.69887695798388,11,0.1,0.8
1,0.940039428020273,1,33,1,0.0599605719797272,0.0979115517312998,2.69841154933431,12,0.1,0.8
1,0.940069537284339,1,33,1,0.0599304627156606,0.0964516751540847,2.69695167295822,13,0.1,0.8
1,0.940079382538984,1,33,1,0.059920617461016,0.096052732154194,2.69655273003508,14,0.1,0.8
1,0.940081606846782,1,33,1,0.0599183931532185,0.0959489568326266,2.69644895471686,15,0.1,0.8
1,0.940080165567437,1,33,1,0.0599198344325627,0.0960205956091648,2.69652059346328,16,0.1,0.8
1,0.940068132915584,1,33,1,0.0599318670844164,0.0965049980085724,2.69700499570519,17,0.1,0.8
1,0.940058662037216,1,33,1,0.0599413379627837,0.096965320247378,2.69746531785586,18,0.1,0.8
1,0.93185981412196,1,18,1,0.0681401858780402,0.124416629917772,2.72491662339434,19,0.1,0.8
1,0.931860010459589,1,18,1,0.0681399895404106,0.124198868916628,2.72469886239406,20,0.1,0.8
1,0.931859932028416,1,18,1,0.0681400679715837,0.124278501542273,2.72477849501939,21,0.1,0.8
1,0.931859543890899,1,18,1,0.0681404561091007,0.124654216062943,2.72515420953852,22,0.1,0.8
1,0.933112997569153,1,18,1,0.0668870024308468,0.117047187000328,2.71754718115659,23,0.1,0.8
1,0.933124836859879,1,18,1,0.0668751631401214,0.114860583086844,2.71536057730003,24,0.1,0.8
1,0.933128487471377,1,18,1,0.066871512528623,0.11418466922004,2.71468466344999,25,0.1,0.8
1,0.937167866999841,1,18,1,0.0628321330001589,0.104723340589541,2.7052233369696,26,0.1,0.8
1,0.937182915365277,1,18,1,0.0628170846347234,0.103908276401384,2.70440827291395,27,0.1,0.8
1,0.93724277990763,1,18,1,0.0627572200923703,0.101110048589549,2.70161004558929,28,0.1,0.8
1,0.937283249990928,1,18,1,0.0627167500090723,0.0992110447696072,2.69971104199385,29,0.1,0.8
1,0.937299744645257,1,18,1,0.0627002553547427,0.0983169267885459,2.69881692401327,30,0.1,0.8
1,0.9373187568964,1,18,1,0.0626812431035999,0.097461136272617,2.69796113365402,31,0.1,0.8
1,0.937320062569309,1,18,1,0.0626799374306909,0.0974057050151775,2.69790570238683,32,0.1,0.8
1,0.93731260724991,1,18,1,0.0626873927500904,0.0976882055812906,2.69818820280733,33,0.1,0.8
1,0.931975039505943,1,18,1,0.0680249604940566,0.12390293002833,2.53865292356181,2,0.15,0.8
1,0.933843256521205,1,18,1,0.0661567434787947,0.114957889740601,2.52970788421294,3,0.15,0.8
1,0.935236548702695,1,18,1,0.0647634512973048,0.110484233776148,2.52523422890022,4,0.15,0.8
1,0.93669617211303,1,18,1,0.0633038278869702,0.106086878629159,2.52083687439836,5,0.15,0.8
1,0.939890893291881,1,18,1,0.0601091067081186,0.0967865674479985,2.51153656464595,6,0.15,0.8
1,0.940628347117006,1,18,1,0.0593716528829936,0.0957942557451636,2.51054425324895,7,0.15,0.8
1,0.942691613421208,1,33,1,0.0573083865787924,0.0933158684162045,2.50806586619319,8,0.15,0.8
1,0.942737510736714,1,33,1,0.0572624892632858,0.0910289128584942,2.50577891093997,9,0.15,0.8
1,0.942775077840294,1,33,1,0.0572249221597064,0.089149995822255,2.50389999410288,10,0.15,0.8
1,0.94277963238536,1,33,1,0.0572203676146399,0.0888811350452819,2.50363113334515,11,0.15,0.8
1,0.942786450809542,1,33,1,0.0572135491904577,0.088479114793019,2.50322911312111,12,0.15,0.8
1,0.942807340971335,1,33,1,0.057192659028665,0.0874672806384183,2.50221727903465,13,0.15,0.8
1,0.942811229529215,1,33,1,0.0571887704707847,0.0873099472726032,2.50205994567438,14,0.15,0.8
1,0.942804880463665,1,33,1,0.0571951195363349,0.0876061671846699,2.50235616554335,15,0.15,0.8
1,0.942791629504433,1,33,1,0.0572083704955666,0.0882639533963453,2.50301395168322,16,0.15,0.8
1,0.942749891085581,1,33,1,0.057250108914419,0.0899388014017342,2.50468879938921,17,0.15,0.8
1,0.942725411821456,1,33,1,0.0572745881785445,0.0911294141928446,2.50587941204088,18,0.15,0.8
1,0.931975050835702,1,18,1,0.0680249491642979,0.123890586156359,2.53864057968968,19,0.15,0.8
1,0.931974465017433,1.00050420732234,18,20,0.0680255349825671,0.124540648582001,2.5392906421132,20,0.15,0.8
1,0.931974088195111,1.00135818187051,18,21,0.0680259118048894,0.124923111262325,2.53967310479197,21,0.15,0.8
1,0.931973042041406,1.00327593088659,18,22,0.0680269579585938,0.125935245850312,2.54068523937519,22,0.15,0.8
1,0.933851448635474,1,18,1,0.066148551364526,0.113386743414851,2.52813673792474,23,0.15,0.8
1,0.933865745836852,1,18,1,0.0661342541631478,0.110746233323601,2.52549622789729,24,0.15,0.8
1,0.933867830725459,1,18,1,0.0661321692745412,0.110360217829274,2.52511021241105,25,0.15,0.8
1,0.939905530983692,1,18,1,0.0600944690163081,0.0959938210827901,2.5107438183943,26,0.15,0.8
1,0.939923948974329,1,18,1,0.0600760510256707,0.094996755399982,2.50974675284738,27,0.15,0.8
1,0.939995083753714,1,18,1,0.0600049162462859,0.0916721411260752,2.50642213900818,28,0.15,0.8
1,0.940041282439029,1,18,1,0.0599587175609714,0.0895044915264376,2.50425448955667,29,0.15,0.8
1,0.940058278128994,1,18,1,0.0599417218710057,0.0885824490311825,2.50333244703711,30,0.15,0.8
1,0.940069006385401,1,18,1,0.0599309936145986,0.0880999922884174,2.50284999029446,31,0.15,0.8
1,0.940065100250376,1,18,1,0.0599348997496235,0.088265580344902,2.50301557828664,32,0.15,0.8
1,0.940046937308508,1,18,1,0.0599530626914924,0.088951896061275,2.50370189378003,33,0.15,0.8
1,0.932090307793598,1,18,1,0.0679096922064023,0.123349808238362,2.35234980182838,2,0.2,0.8
1,0.934578822324382,1,18,1,0.0654211776756181,0.111878946164624,2.34087894096405,3,0.2,0.8
1,0.936432375281332,1,18,1,0.0635676247186677,0.106269586916621,2.33526958251616,4,0.2,0.8
1,0.93837198028515,1,18,1,0.0616280197148499,0.100792444219471,2.32979244057759,5,0.2,0.8
1,0.942606928877988,1,18,1,0.0573930711220121,0.0892895931734124,2.31828959106053,6,0.2,0.8
1,0.943577614958166,1,18,1,0.0564223850418345,0.0881832817413793,2.31718327990109,7,0.2,0.8
1,0.945405823853744,1,33,1,0.0545941761462556,0.0856112579229506,2.31461125631881,8,0.2,0.8
1,0.945445611445609,1,33,1,0.0545543885543907,0.0836283936644763,2.31262839227327,9,0.2,0.8
1,0.945474095985801,1,33,1,0.0545259040141992,0.0822036713543662,2.31120367007549,10,0.2,0.8
1,0.945476822095465,1,33,1,0.054523177904535,0.0820432044285153,2.31104320315922,11,0.2,0.8
1,0.945479609893379,1,33,1,0.0545203901066207,0.0818804493382211,2.31088044808018,12,0.2,0.8
1,0.945477113261023,1,33,1,0.0545228867389774,0.0820034569347235,2.31100345565011,13,0.2,0.8
1,0.945468751792871,1,33,1,0.0545312482071293,0.0823399325647197,2.31133993123507,14,0.2,0.8
1,0.945448339486744,1,33,1,0.0545516605132557,0.0832915921627469,2.31229159075582,15,0.2,0.8
1,0.945417104424065,1,33,1,0.0545828955759353,0.0848426175992287,2.31384261608326,16,0.2,0.8
1,0.945332439098598,1,33,1,0.0546675609014019,0.0882296574234901,2.317229655456,17,0.2,0.8
1,0.945287433177643,1,33,1,0.0547125668223567,0.0904201063159643,2.31942010413377,18,0.2,0.8
1,0.932090192183609,1,18,1,0.0679098078163913,0.123475747264166,2.35247574085349,19,0.2,0.8
1,0.932088248189743,1.00252443698056,18,20,0.067911751810257,0.125632742868346,2.35463273644967,20,0.2,0.8
1,0.932087406110032,1.00383762940587,18,21,0.0679125938899682,0.126487150773472,2.3554871443514,21,0.2,0.8
1,0.932085405884278,1.00653369930432,18,22,0.067914594115722,0.128421325573607,2.35742131914293,22,0.2,0.8
1,0.934587577536242,1,18,1,0.0654124224637583,0.110199858301166,2.33919985313918,23,0.2,0.8
1,0.934602090341699,1,18,1,0.0653979096583012,0.107519572700227,2.33651956759871,24,0.2,0.8
1,0.934600450885185,1,18,1,0.0653995491148146,0.107823114394407,2.33682310928486,25,0.2,0.8
1,0.942622598168256,1,18,1,0.057377401831744,0.0884415621512813,2.31744156014628,26,0.2,0.8
1,0.942641760448929,1,18,1,0.0573582395510707,0.0874052176516755,2.31640521577106,27,0.2,0.8
1,0.942712514484923,1,18,1,0.0572874855150769,0.0840984605773375,2.31309845903581,28,0.2,0.8
1,0.942755568033076,1,18,1,0.0572444319669244,0.082078222571534,2.31107822110346,29,0.2,0.8
1,0.942768418617805,1,18,1,0.0572315813821953,0.0813808230587046,2.31038082154953,30,0.2,0.8
1,0.942760270011969,1,18,1,0.0572397299880311,0.0817471364166459,2.31074713478421,31,0.2,0.8
1,0.942747693201296,1,18,1,0.057252306798704,0.0822795136464918,2.31127951190871,32,0.2,0.8
1,0.942714701120508,1,18,1,0.0572852988794915,0.0835228748703917,2.3125228728469,33,0.2,0.8
1,0.932205545988719,1,18,1,0.0677944540112808,0.122836782308343,2.16608677595389,2,0.25,0.8
1,0.935313146944926,1,18,1,0.064686853055074,0.109066170061722,2.1523161651686,3,0.25,0.8
1,0.937624908325377,1,18,1,0.0623750916746232,0.102495559003231,2.14574555503162,4,0.25,0.8
1,0.940041291357006,1,18,1,0.0599587086429944,0.096126241378983,2.13937623824279,5,0.25,0.8
1,0.945304585307898,1,18,1,0.0546954146921025,0.0828499816013269,2.12609998000346,6,0.25,0.8
1,0.946502506280731,1,18,1,0.0534974937192686,0.0817317151981733,2.12498171382521,7,0.25,0.8
1,0.948092002354139,1,33,1,0.0519079976458613,0.0794075101109292,2.12265750892868,8,0.25,0.8
1,0.948115936573174,1,33,1,0.0518840634268265,0.0782148033187111,2.12146480226693,9,0.25,0.8
1,0.948125764400905,1,33,1,0.0518742355990949,0.0777238951132633,2.12097389410587,10,0.25,0.8
1,0.948125218003418,1,33,1,0.0518747819965819,0.0777583119173736,2.1210083109122,11,0.25,0.8
1,0.948121275052715,1,33,1,0.051878724947285,0.0779966916750051,2.12124669066839,12,0.25,0.8
1,0.948082498785929,1,33,1,0.0519175012140706,0.0798790723569329,2.1231290712538,13,0.25,0.8
1,0.948056185306354,1,33,1,0.0519438146936456,0.0809360069664457,2.12418600577678,14,0.25,0.8
1,0.948016806611563,1,33,1,0.051983193388437,0.0827708257529457,2.12602082444988,15,0.25,0.8
1,0.947962140163301,1,33,1,0.0520378598366994,0.0854864701087565,2.12873646864949,16,0.25,0.8
1,0.947822819788663,1,33,1,0.0521771802113373,0.0910441276760913,2.13429412552614,17,0.25,0.8
1,0.94775252292302,1,33,1,0.0522474770769795,0.0944677214187049,2.13771771889753,18,0.25,0.8
1,0.932205238346035,1,18,1,0.0677947616539654,0.123171914583236,2.16642190822824,19,0.25,0.8
1,0.932201368065092,1.00453341216521,18,20,0.0677986319349076,0.127466198845849,2.17071619247491,20,0.25,0.8
1,0.932199898082227,1.00629957286488,18,21,0.0678001019177731,0.128957229235681,2.17220722285845,21,0.25,0.8
1,0.932196657021791,1.00975939759019,18,22,0.0678033429782093,0.132089658281068,2.17533965188863,22,0.25,0.8
1,0.935321402724089,1,18,1,0.0646785972759114,0.107482996106042,2.15073299124754,23,0.25,0.8
1,0.935333936142399,1,18,1,0.0646660638576011,0.105168305174059,2.14841830036477,24,0.25,0.8
1,0.935326485813247,1,18,1,0.0646735141867529,0.106547707269489,2.14979770243161,25,0.25,0.8
1,0.945319474764855,1,18,1,0.0546805252351447,0.082045222858277,2.12529522135583,26,0.25,0.8
1,0.945336857394658,1,18,1,0.054663142605342,0.0811069586057228,2.12435695721041,27,0.25,0.8
1,0.945396124426766,1,18,1,0.0546038755732342,0.0783364462312952,2.12158644507696,28,0.25,0.8
1,0.945427694311707,1,18,1,0.0545723056882926,0.076854304016084,2.12010430287592,29,0.25,0.8
1,0.945432095182503,1,18,1,0.0545679048174972,0.0766163663161594,2.11986636512421,30,0.25,0.8
1,0.945395295845528,1,18,1,0.0546047041544722,0.0782690559996869,2.12151905459336,31,0.25,0.8
1,0.94537087577199,1,18,1,0.05462912422801,0.0793013315749583,2.12255133002941,32,0.25,0.8
1,0.945319267366956,1,18,1,0.0546807326330437,0.0812414143647593,2.12449141247674,33,0.25,0.8
1,0.932320754112792,1,18,1,0.067679245887208,0.122363826335888,1.97986382003677,2,0.3,0.8
1,0.936046236130336,1,18,1,0.0639537638696636,0.106518433657493,1.96401842905317,3,0.3,0.8
1,0.938814172746049,1,18,1,0.0611858272539509,0.099159082956404,1.95665907937098,4,0.3,0.8
1,0.941704174553966,1,18,1,0.0582958254460337,0.0920820787335717,1.94958207603207,5,0.3,0.8
1,0.947984192758792,1,18,1,0.0520158072412081,0.0774503885699041,1.93495038735819,6,0.3,0.8
1,0.949403517048419,1,18,1,0.0505964829515814,0.076418722361232,1.93391872132452,7,0.3,0.8
1,0.950750848963734,1,33,1,0.0492491510362659,0.0746701267899572,1.93217012589969,8,0.3,0.8
1,0.950749700146246,1,33,1,0.0492502998537542,0.07472842002483,1.93222841919891,9,0.3,0.8
1,0.950731933506267,1,33,1,0.0492680664937328,0.0756195207723423,1.93311951993849,10,0.3,0.8
1,0.950726787072328,1,33,1,0.0492732129276724,0.0759289085278481,1.93342890769031,11,0.3,0.8
1,0.950713641025329,1,33,1,0.0492863589746706,0.0767177245574003,1.93421772370755,12,0.3,0.8
1,0.950626812571894,1,33,1,0.0493731874281065,0.0809293422681352,1.93842934125712,13,0.3,0.8
1,0.95057735491708,1,33,1,0.0494226450829198,0.0829115295055509,1.94041152836064,14,0.3,0.8
1,0.950514606871469,1,33,1,0.0494853931285313,0.0858336373840447,1.94333363607086,15,0.3,0.8
1,0.9504316745998,1,33,1,0.0495683254002003,0.0899551666438531,1.94745516508391,16,0.3,0.8
1,0.950227204659241,1.00470799700201,33,17,0.0497727953407593,0.0980900777654153,1.95559007493671,17,0.3,0.8
1,0.950127465451204,1.00881108129406,33,18,0.0498725345487963,0.102950646857799,1.96045064314291,18,0.3,0.8
1,0.932320189502731,1,18,1,0.067679810497269,0.122978890120369,1.98047888381922,19,0.3,0.8
1,0.932313832547317,1.00653128494092,18,20,0.0676861674526832,0.130032268385654,1.98753226205866,20,0.3,0.8
1,0.932311576071919,1.00874430356379,18,21,0.0676884239280807,0.132320335909768,1.98982032957275,21,0.3,0.8
1,0.932306816234568,1.01295373024085,18,22,0.067693183765432,0.136918315595972,1.99441830923405,22,0.3,0.8
1,0.936052942405897,1,18,1,0.0639470575941026,0.105232667861682,1.96273266328518,23,0.3,0.8
1,0.936061347369647,1,18,1,0.0639386526303535,0.103680440475844,1.96118043593145,24,0.3,0.8
1,0.936046068420451,1,18,1,0.0639539315795494,0.106509266822423,1.9640092622231,25,0.3,0.8
1,0.947996553764147,1,18,1,0.0520034462358532,0.0767841443414779,1.93428414321062,26,0.3,0.8
1,0.948009729106024,1,18,1,0.0519902708939761,0.0760762219598379,1.93357622091582,27,0.3,0.8
1,0.948046912872596,1,18,1,0.0519530871274039,0.0743361640239324,1.93183616313632,28,0.3,0.8
1,0.94805915182668,1,18,1,0.05194084817332,0.0737595387419406,1.9312595378247,29,0.3,0.8
1,0.948051107628189,1,18,1,0.0519488923718112,0.0741997787922612,1.93169977781594,30,0.3,0.8
1,0.947976614547501,1,18,1,0.0520233854524986,0.0775427780295024,1.93504277676652,31,0.3,0.8
1,0.947937430779127,1,18,1,0.0520625692208735,0.0791969608537132,1.93669695941963,32,0.3,0.8
1,0.947863711204759,1,18,1,0.0521362887952412,0.0819617028229564,1.93946170098343,33,0.3,0.8
1,0.93243593218728,1,18,1,0.0675640678127195,0.121930914447915,1.79368090820418,2,0.35,0.8
1,0.936778095584223,1,18,1,0.0632219044157772,0.104234617518987,1.77598461318667,3,0.35,0.8
1,0.940000193144015,1,18,1,0.0599998068559847,0.0962571288670928,1.76800712562965,4,0.35,0.8
1,0.943360697886585,1,18,1,0.0566393021134149,0.0886538708776401,1.76040386854936,5,0.35,0.8
1,0.9506460716142,1,18,1,0.0493539283858003,0.0730739740606663,1.74482397313824,6,0.35,0.8
1,0.95228112635952,1,18,1,0.0477188736404804,0.0722241653162779,1.74397416452308,7,0.35,0.8
1,0.95338303449442,1,33,1,0.0466169655055797,0.0713660350447037,1.7431160343591,8,0.35,0.8
1,0.953348050514454,1,33,1,0.0466519494855456,0.0731127329520837,1.74486273227842,9,0.35,0.8
1,0.953294331442099,1,33,1,0.0467056685579006,0.0758054016529539,1.74755540092832,10,0.35,0.8
1,0.953283362409483,1,33,1,0.0467166375905174,0.0764640576996154,1.74821405696605,11,0.35,0.8
1,0.953258745101884,1,33,1,0.0467412548981155,0.0779412996131188,1.7496912988571,12,0.35,0.8
1,0.953113080358442,1,33,1,0.0468869196415578,0.085003831556528,1.75675383055392,13,0.35,0.8
1,0.953035728156275,1,33,1,0.0469642718437248,0.0880972781308703,1.75984727691116,14,0.35,0.8
1,0.952945636711431,1.00340843037047,33,15,0.0470543632885686,0.0922906183376876,1.76404061682462,15,0.35,0.8
1,0.952830124151918,1.00796601614327,33,16,0.0471698758480817,0.0980337357804112,1.76978373376187,16,0.35,0.8
1,0.952551037318068,1.01553545116909,33,17,0.0474489626819323,0.109109878764665,1.78085987348624,17,0.35,0.8
1,0.952418207181753,1.02025139364143,33,18,0.0475817928182473,0.11558705240393,1.78733704416373,18,0.35,0.8
1,0.93243504583285,1,18,1,0.0675649541671505,0.122896476544,1.79464647029704,19,0.35,0.8
1,0.932425649361367,1.00851820388148,18,20,0.0675743506386328,0.133322401676887,1.80507239539054,20,0.35,0.8
1,0.932422451704125,1.01117210454361,18,21,0.067577548295875,0.136563825308762,1.80831381900759,21,0.35,0.8
1,0.932415903524147,1.01611737504279,18,22,0.0675840964758527,0.142886192712149,1.81463618636684,22,0.35,0.8
1,0.936782214547363,1,18,1,0.0632177854526375,0.103445430327481,1.7751954260126,23,0.35,0.8
1,0.936784386573523,1,18,1,0.0632156134264774,0.103044283532137,1.77479427922719,24,0.35,0.8
1,0.936759326912028,1,18,1,0.0632406730879718,0.107683939566823,1.7794339351758,25,0.35,0.8
1,0.95065421552899,1,18,1,0.04934578447101,0.0726383195489691,1.74438831869338,26,0.35,0.8
1,0.950660847475671,1,18,1,0.049339152524329,0.0722881529900085,1.74403815220273,27,0.35,0.8
1,0.950665829748648,1,18,1,0.0493341702513524,0.0720501258127136,1.74380012511193,28,0.35,0.8
1,0.950651342242162,1,18,1,0.0493486577578384,0.0727250719135703,1.74447507115133,29,0.35,0.8
1,0.9506271383122,1,18,1,0.0493728616878004,0.0740475608519789,1.74579756002316,30,0.35,0.8
1,0.95050656272407,1,18,1,0.0494934372759296,0.0794547384923455,1.75120473731198,31,0.35,0.8
1,0.950449917764822,1,18,1,0.0495500822351783,0.0818430702352248,1.75359306884701,32,0.35,0.8
1,0.950350848836403,1,18,1,0.0496491511635968,0.0855502064198295,1.75730020454068,33,0.35,0.8
1,0.932551080233622,1,18,1,0.067448919766378,0.121538020800614,1.60753801461112,2,0.4,0.8
1,0.937508730966759,1,18,1,0.0624912690332409,0.10221361046821,1.58821360639081,3,0.4,0.8
1,0.941182993814744,1,18,1,0.0588170061852556,0.0937867033663392,1.57978670044201,4,0.4,0.8
1,0.945010928180095,1,18,1,0.0549890718199045,0.0858356358407947,1.5718356338337,5,0.4,0.8
1,0.953290532864652,1,18,1,0.046709467135348,0.0697043818271818,1.55570438112193,6,0.4,0.8
1,0.955135797235073,1,18,1,0.0448642027649269,0.0691285698876866,1.5551285692726,7,0.4,0.8
1,0.955989202205972,1,33,1,0.0440107977940278,0.0694635059443572,1.55546350540504,8,0.4,0.8
1,0.955912075216011,1,33,1,0.0440879247839886,0.0733142051654655,1.55931420459495,9,0.4,0.8
1,0.955814575091582,1,33,1,0.0441854249084179,0.078201851042652,1.56420185037945,10,0.4,0.8
1,0.955796655685683,1,33,1,0.0442033443143169,0.0792788230824194,1.5652788224034,11,0.4,0.8
1,0.955758482507752,1,33,1,0.044241517492248,0.081572270133254,1.56757226941721,12,0.4,0.8
1,0.955544072777876,1.00538836792838,33,13,0.0444559272221241,0.0919647612914901,1.57796476015932,13,0.4,0.8
1,0.955434460297675,1.00834378606824,33,14,0.0445655397023248,0.0963392549784895,1.58233925341136,14,0.4,0.8
1,0.955313421170475,1.01228945013061,33,15,0.0446865788295252,0.101970405639158,1.58797040338726,15,0.4,0.8
1,0.955161457720413,1.017506419602,33,16,0.0448385422795867,0.109528983545694,1.5955289798822,16,0.4,0.8
1,0.954799147812973,1.02606575661191,33,17,0.045200852187027,0.12387498999046,1.60987497600672,17,0.4,0.8
1,0.954629994049693,1.03136289072325,33,18,0.0453700059503066,0.132128367670533,1.61812834327833,18,0.4,0.8
1,0.932549807514943,1,18,1,0.067450192485057,0.122924477181123,1.60892447098661,19,0.4,0.8
1,0.932536826058912,1.01049431418056,18,20,0.0674631739410885,0.137328241006778,1.6233282347585,20,0.4,0.8
1,0.9325325362816,1.01358325089355,18,21,0.0674674637183998,0.141675403092037,1.62767539682022,21,0.4,0.8
1,0.932523938152722,1.01925098445533,18,22,0.0674760618472777,0.149972966372784,1.63597296001939,22,0.4,0.8
1,0.937509236877426,1,18,1,0.0624907631225742,0.102117885152096,1.58811788108011,23,0.4,0.8
1,0.937503114777655,1,18,1,0.0624968852223446,0.103248424355002,1.58924842026551,24,0.4,0.8
1,0.937466385018359,1.00215082691674,18,25,0.0625336149816408,0.110048705196422,1.59604870098406,25,0.4,0.8
1,0.953292828353626,1,18,1,0.0467071716463744,0.0695883646844003,1.55558836403316,26,0.4,0.8
1,0.953290667846462,1,18,1,0.0467093321535376,0.0697187547994768,1.55571875420009,27,0.4,0.8
1,0.95325377895964,1,18,1,0.0467462210403601,0.0714331243738052,1.55743312380622,28,0.4,0.8
1,0.953205585583527,1,18,1,0.046794414416473,0.0736860378788789,1.55968603722386,29,0.4,0.8
1,0.953161762606232,1,18,1,0.0468382373937679,0.0760814978068698,1.56208149707766,30,0.4,0.8
1,0.952987303142591,1,18,1,0.0470126968574094,0.0838998035281748,1.56989980237171,31,0.4,0.8
1,0.952910697290124,1,18,1,0.0470893027098762,0.0871259030070254,1.57312590158796,32,0.4,0.8
1,0.952783266999493,1,18,1,0.0472167330005074,0.0918842719757139,1.5778842699217,33,0.4,0.8
1,0.932666198273225,1,18,1,0.0673338017267749,0.12118511957941,1.42143511344415,2,0.45,0.8
1,0.938238147895156,1,18,1,0.0617618521048441,0.100454309496733,1.40070430565885,3,0.45,0.8
1,0.94236259875376,1,18,1,0.0576374012462398,0.0917448490085075,1.39199484636663,4,0.45,0.8
1,0.946654931103015,1,18,1,0.0533450688969852,0.0836214926319768,1.38387149090022,5,0.45,0.8
1,0.955917878487552,1,18,1,0.0440821215124478,0.0673257200729858,1.36757571953154,6,0.45,0.8
1,0.9579679773604,1,18,1,0.0420320226395996,0.0671130954244293,1.36736309494069,7,0.45,0.8
1,0.95856996936166,1,33,1,0.0414300306383403,0.0689320791357451,1.36918207870025,8,0.45,0.8
1,0.958442805389159,1,33,1,0.0415571946108408,0.0752820586635661,1.37553205815919,9,0.45,0.8
1,0.958294179856432,1,33,1,0.0417058201435685,0.0827341635616878,1.38298416291065,10,0.45,0.8
1,0.958268268108772,1.00058052885554,33,11,0.0417317318912284,0.0842937275426714,1.38454372686482,11,0.45,0.8
1,0.958214619902049,1.00323689719201,33,12,0.0417853800979509,0.0875219177051464,1.38777191696249,12,0.45,0.8
1,0.957922334500684,1.01310132689878,33,13,0.0420776654993161,0.101685564741349,1.4019355631271,13,0.45,0.8
1,0.95777643234596,1.01652461676537,33,14,0.0422235676540397,0.10749683615286,1.40774683343182,14,0.45,0.8
1,0.957621161589674,1.02097834689436,33,15,0.042378838410326,0.114717366257691,1.41496736157848,15,0.45,0.8
1,0.957429257642162,1.02682741808029,33,16,0.0425707423578383,0.124266530267784,1.42451652121025,16,0.45,0.8
1,0.956975844809103,1.03631763566383,33,17,0.0430241551908971,0.142181594858959,1.4424315536391,17,0.45,0.8
1,0.956767479682567,1.04216714070209,33,18,0.0432325203174326,0.152354076354894,1.45260407635476,18,0.45,0.8
1,0.932664474726968,1,18,1,0.067335525273032,0.123062696014194,1.4233126898722,19,0.45,0.8
1,0.932647370023724,1.01245975775794,18,20,0.0673526299762756,0.142041614790836,1.44229160857577,20,0.45,0.8
1,0.932641840797135,1.01597801005852,18,21,0.0673581592028655,0.147643112657301,1.44789310640732,21,0.45,0.8
1,0.932630938680286,1.02235518690279,18,22,0.0673690613197142,0.158159055594176,1.45840904918344,22,0.45,0.8
1,0.938234026892624,1,18,1,0.061765973107376,0.101246678055154,1.40149667420928,23,0.45,0.8
1,0.938217591531021,1,18,1,0.0617824084689792,0.104281728373992,1.40453172447906,24,0.45,0.8
1,0.938167362211299,1.00533384599972,18,25,0.0618326377887007,0.113581336300345,1.41383133223741,25,0.45,0.8
1,0.955912748991481,1,18,1,0.0440872510085187,0.0676154922448195,1.36786549174531,26,0.45,0.8
1,0.955899629810723,1,18,1,0.0441003701892775,0.0683448472667675,1.36859484680514,27,0.45,0.8
1,0.955811621448268,1,18,1,0.0441883785517321,0.0724420824813741,1.37269208200792,28,0.45,0.8
1,0.955723126742257,1,18,1,0.0442768732577428,0.0765812432669965,1.3768312426825,29,0.45,0.8
1,0.955656458188011,1,18,1,0.044343541811989,0.0802282020949174,1.38047820142333,30,0.45,0.8
1,0.955420842311939,1,18,1,0.0445791576880612,0.090780418186279,1.391030416967,31,0.45,0.8
1,0.955321951923507,1.00153179050962,18,32,0.0446780480764932,0.09494026832099,1.39519026673128,32,0.45,0.8
1,0.955163348261242,1.00437314007018,18,33,0.0448366517387575,0.100850928551172,1.40110092601958,33,0.45,0.8
1,0.93278128632748,1,18,1,0.0672187136725204,0.120872184998895,1.2353721789168,2,0.5,0.8
1,0.938966351944102,1,18,1,0.0610336480558982,0.0989556196814898,1.21345561606915,3,0.5,0.8
1,0.943539031661773,1,18,1,0.0564609683382266,0.0901286436678856,1.20462864128086,4,0.5,0.8
1,0.948292771194856,1,18,1,0.0517072288051442,0.0820056588582692,1.19650565736293,5,0.5,0.8
1,0.958528401807562,1,18,1,0.0414715981924383,0.0659225431133765,1.18042254269483,6,0.5,0.8
1,0.960778099783303,1,18,1,0.0392219002166971,0.066159506339321,1.18065950595252,7,0.5,0.8
1,0.961125928672734,1,33,1,0.0388740713272664,0.0697424928073144,1.18424249244612,8,0.5,0.8
1,0.960941219780048,1,33,1,0.0390587802199525,0.07896807905308,1.19346807858278,9,0.5,0.8
1,0.960734568353184,1.00488210882945,33,10,0.0392654316468156,0.08933218933554,1.20383218862372,10,0.5,0.8
1,0.96069970015209,1.00643119568284,33,11,0.0393002998479099,0.0914342735085117,1.20593427274372,11,0.5,0.8
1,0.960628807268419,1.00945810071537,33,12,0.039371192731581,0.0957073590161021,1.21020735811953,12,0.5,0.8
1,0.960250209227028,1.02067390394263,33,13,0.0397497907729716,0.114049649255619,1.22854964618767,13,0.5,0.8
1,0.960064283270053,1.02454399896586,33,14,0.0399357167299474,0.12144120210666,1.23594119595964,14,0.5,0.8
1,0.959871775704205,1.02948518125941,33,15,0.0401282242957949,0.130389651603274,1.2448896397882,15,0.5,0.8
1,0.959636770352178,1.03594115799656,33,16,0.0403632296478217,0.142088348884232,1.25658832430446,16,0.5,0.8
1,0.95908498830041,1.04630784548159,33,17,0.0463078454815862,0.16384704020474,1.27834704020444,17,0.5,0.8
1,0.958834817649747,1.05268337237384,33,18,0.0526833723738438,0.176067530786481,1.29056753078686,18,0.5,0.8
1,0.932779047646291,1.00020222321585,18,19,0.0672209523537093,0.123310937678077,1.23781093158755,19,0.5,0.8
1,0.93275728847685,1.01441467336146,18,20,0.0672427115231501,0.147454531841002,1.26195452565497,20,0.5,0.8
1,0.932750375945259,1.01835664213138,18,21,0.0672496240547407,0.154455322388568,1.26895531614679,21,0.5,0.8
1,0.932736922999402,1.02543058798302,18,22,0.0672630770005975,0.167425584918373,1.28192557835405,22,0.5,0.8
1,0.93895660186132,1,18,1,0.0610433981386803,0.10082849802812,1.21532849439177,23,0.5,0.8
1,0.938927874957491,1.00100173163418,18,24,0.0610721250425094,0.106133327186948,1.2206333234667,24,0.5,0.8
1,0.938862373907211,1.00849208484928,18,25,0.0611376260927892,0.118260360557381,1.23276035661149,25,0.5,0.8
1,0.958514323153707,1,18,1,0.0414856768462928,0.0667014855438527,1.18120148515743,26,0.5,0.8
1,0.958488157960607,1,18,1,0.0415118420393932,0.0681440284917215,1.18264402813139,27,0.5,0.8
1,0.958340177997918,1,18,1,0.0416598220020821,0.0750359146259377,1.18953591421587,28,0.5,0.8
1,0.958205141328219,1,18,1,0.0417948586717806,0.0813528818437487,1.19585288129144,29,0.5,0.8
1,0.958112613318802,1,18,1,0.0418873866811977,0.0864187053820344,1.20091870471526,30,0.5,0.8
1,0.957809045835911,1.00574549740847,18,31,0.042190954164089,0.100005862999535,1.21450586152065,31,0.5,0.8
1,0.957685704459091,1.00829376585148,18,32,0.0423142955409088,0.105188665688282,1.21968866357861,32,0.5,0.8
1,0.957493292827252,1.01139826536849,18,33,0.0425067071727481,0.112345854334049,1.22684585053605,33,0.5,0.8
1,0.932896344417745,1,18,1,0.0671036555822545,0.120599191302802,1.04934918527448,2,0.55,0.8
1,0.939693348646217,1,18,1,0.0603066513537834,0.0977164541016571,1.02646645070138,3,0.55,0.8
1,0.944712315949701,1,18,1,0.0552876840502994,0.0889351999482728,1.01768519779,4,0.55,0.8
1,0.949924511893001,1,18,1,0.0500754881069994,0.0809824484155259,1.00973244712236,5,0.55,0.8
1,0.961122387838699,1,18,1,0.0388776121613011,0.0654798339604969,0.994229833634677,6,0.55,0.8
1,0.963566583571975,1,18,1,0.0364334164280253,0.0662501452787544,0.995000144963569,7,0.55,0.8
1,0.963657649641328,1,33,1,0.0363423503586715,0.0718666185632466,1.0006166182535,8,0.55,0.8
1,0.963408248391287,1.00210132557076,33,9,0.0365917516087125,0.0843264377089026,1.01307643723516,9,0.55,0.8
1,0.963137078172616,1.01045787563085,33,10,0.0368629218273839,0.0979299540160584,1.02667995309275,10,0.55,0.8
1,0.963092360206611,1.01219951698744,33,11,0.0369076397933886,0.100630516353835,1.02938051531481,11,0.55,0.8
1,0.963002588426177,1.01558816065998,33,12,0.0369974115738225,0.106051021451733,1.03480102011048,12,0.55,0.8
1,0.962529861228253,1.02811248443952,33,13,0.0374701387717473,0.12894932922435,1.05769932225371,13,0.55,0.8
1,0.962300437517239,1.03240969391728,33,14,0.037699562482761,0.138053998296084,1.06680398307276,14,0.55,0.8
1,0.962067931562312,1.03781914485638,33,15,0.0379320684376877,0.148857552455276,1.07760752210709,15,0.55,0.8
1,0.9617869475385,1.04485867367531,33,16,0.0448586736753067,0.162850698777119,1.09160069877703,16,0.55,0.8
1,0.961130057487917,1.05605147402694,33,17,0.0560514740269358,0.188706938915751,1.11745693891578,17,0.55,0.8
1,0.960835728801583,1.06292879966673,33,18,0.0629287996667336,0.203092529098755,1.13184252909889,18,0.55,0.8
1,0.932893526449688,1.00049799740961,18,19,0.0671064735503116,0.123669007457007,1.05241900141692,19,0.55,0.8
1,0.932866588481567,1.01635919666494,18,20,0.0671334115184326,0.153559175860123,1.08230916969688,20,0.55,0.8
1,0.932858152133376,1.02071940013101,18,21,0.0671418478666236,0.162100713521348,1.09085070726763,21,0.55,0.8
1,0.932841908367759,1.02847777159887,18,22,0.0671580916322412,0.177754349998503,1.10650434310344,22,0.55,0.8
1,0.939676978827845,1,18,1,0.0603230211721546,0.100860076553721,1.02961007311194,23,0.55,0.8
1,0.939634021803263,1.00319679693714,18,24,0.0603659781967369,0.108792609707651,1.03754260614181,24,0.55,0.8
1,0.93955153165767,1.01162604029695,18,25,0.0604484683423301,0.124065025225053,1.05281502135824,25,0.55,0.8
1,0.961097885980422,1,18,1,0.0389021140195781,0.0668286746212903,0.995578674319404,26,0.55,0.8
1,0.961056662593184,1,18,1,0.0389433374068163,0.0690946385561531,0.997844638269498,27,0.55,0.8
1,0.960840231804456,1,18,1,0.0391597681955445,0.0791754001003709,1.00792539972531,28,0.55,0.8
1,0.960652740947706,1.00023784385951,18,29,0.0393472590522935,0.0879462773154528,1.01669627673829,29,0.55,0.8
1,0.960531534239109,1.00381008923624,18,30,0.0394684657608914,0.0945880940823304,1.02333809331952,30,0.55,0.8
1,0.960153651876006,1.01213426050793,18,31,0.0398463481239942,0.111491602129486,1.04024159988711,31,0.55,0.8
1,0.960003833800343,1.01494225224541,18,32,0.0399961661996574,0.117780521750548,1.04653051821202,32,0.55,0.8
1,0.959775137436802,1.01829789245748,18,33,0.0402248625631978,0.126272481773351,1.05502247472458,33,0.55,0.8
1,0.93301137256536,1,18,1,0.0669886274346401,0.120366112763946,0.863366106787851,2,0.6,0.8
1,0.940419143492487,1,18,1,0.0595808565075132,0.0967357337566246,0.839735730555162,3,0.6,0.8
1,0.945882474743575,1,18,1,0.0541175252564248,0.0881616646052464,0.83116166265313,4,0.6,0.8
1,0.951550215558756,1,18,1,0.048449784441244,0.080546269248273,0.823546268129292,5,0.6,0.8
1,0.963700113609274,1,18,1,0.0362998863907259,0.0659829877754254,0.808982987518618,6,0.6,0.8
1,0.966296991387401,1,33,1,0.0337030086125987,0.0673679078100431,0.810367907547231,7,0.6,0.8
1,0.966165679810362,1,33,1,0.0338343201896376,0.0752774007929759,0.81827740051466,8,0.6,0.8
1,0.965844775809839,1.00660036389574,33,9,0.0341552241901609,0.0913135295420332,0.834313529006181,9,0.6,0.8
1,0.965502968823073,1.01595850768625,33,10,0.0344970311769275,0.108465318753718,0.851465317289239,10,0.6,0.8
1,0.96544757229917,1.01788842149765,33,11,0.03455242770083,0.111816683819181,0.854816682086437,11,0.6,0.8
1,0.965337410353079,1.02163047730343,33,12,0.0346625896469206,0.118480177975686,0.861480175528868,12,0.6,0.8
1,0.964763294005716,1.0354229755405,33,13,0.035422975540496,0.14628490208515,0.889284885705024,13,0.6,0.8
1,0.964487127860003,1.04012884412262,33,14,0.0401288441226169,0.157226183112551,0.900226183112807,14,0.6,0.8
1,0.964212074933053,1.04598865730922,33,15,0.045988657309223,0.170002092272787,0.913002092272563,15,0.6,0.8
1,0.963882485405592,1.05359003419768,33,16,0.0535900341976838,0.186422402308812,0.92942240230883,16,0.6,0.8
1,0.963114194239697,1.06556213919636,33,17,0.0655621391963606,0.216612732927249,0.95961273292744,17,0.6,0.8
1,0.962773562977955,1.07291890949392,33,18,0.0729189094939224,0.233270512927932,0.976270512927613,18,0.6,0.8
1,0.933007911313349,1.00079354200349,18,19,0.0669920886866511,0.12413671128157,0.867136705292069,19,0.6,0.8
1,0.932975276948165,1.01829346036223,18,20,0.067024723051835,0.160347900152025,0.903347894004582,20,0.6,0.8
1,0.932965179492361,1.02306653026702,18,21,0.067034820507639,0.170568268588853,0.913568262288038,21,0.6,0.8
1,0.932945911438695,1.03149730101859,18,22,0.0670540885613046,0.189127785338507,0.932127777801099,22,0.6,0.8
1,0.940395174616546,1,18,1,0.059604825383454,0.101338186843419,0.844338183582067,23,0.6,0.8
1,0.940336087482273,1.00538020734465,18,24,0.0596639125177266,0.112249213689638,0.85524921026007,24,0.6,0.8
1,0.940234943328763,1.01473619254957,18,25,0.0597650566712369,0.130975263755412,0.873975259917756,25,0.6,0.8
1,0.963663762486428,1,18,1,0.0363362375135722,0.0679799134479297,0.810979913207177,26,0.6,0.8
1,0.96360554037351,1,18,1,0.0363944596264905,0.0711757254313494,0.814175725197401,27,0.6,0.8
1,0.963312530839947,1.00056386320578,18,28,0.0366874691600529,0.0848230663306993,0.827823065956181,28,0.6,0.8
1,0.963066977974778,1.00517582117378,18,29,0.0369330220252222,0.0963096508008308,0.839309650084488,29,0.6,0.8
1,0.962914451794992,1.00924370155133,18,30,0.0370855482050081,0.104675182773896,0.847675181681495,30,0.6,0.8
1,0.962456283001739,1.01842349885265,18,31,0.0375437169982606,0.125158709657593,0.868158705422388,31,0.6,0.8
1,0.96227808886644,1.02148187909874,18,32,0.0377219111335597,0.132631522213679,0.875631515072826,32,0.6,0.8
1,0.962010771809341,1.02507732601848,18,33,0.0379892281906592,0.142541219009303,0.885541204164895,33,0.6,0.8
1,0.933126370791634,1,18,1,0.0668736292083659,0.120172923684179,0.677422917759998,2,0.65,0.8
1,0.941143741932706,1,18,1,0.0588562580672937,0.0960123874850782,0.653262384470565,3,0.65,0.8
1,0.947049530889353,1,18,1,0.0529504691106469,0.0878052179807182,0.645055216213848,4,0.65,0.8
1,0.953169943502627,1,18,1,0.0468300564973726,0.0806916211762729,0.637941620205424,5,0.65,0.8
1,0.966261848470701,1,18,1,0.0337381515292987,0.0674177961350919,0.624667795929668,6,0.65,0.8
1,0.968824017337848,1,33,1,0.0311759826621523,0.0694962185226567,0.626746218296432,7,0.65,0.8
1,0.968650545928201,1.00093849013291,33,8,0.0313494540717992,0.0799488001622058,0.637198799896623,8,0.65,0.8
1,0.968251644248077,1.01104985794149,33,9,0.0317483557519235,0.0998878247315802,0.657137824023835,9,0.65,0.8
1,0.967833427960591,1.0213865450953,33,10,0.032166572039409,0.120879675101232,0.678129672391492,10,0.65,0.8
1,0.967766582997526,1.02350066551683,33,11,0.0322334170024742,0.124930835536676,0.682180832215806,11,0.65,0.8
1,0.967634631480431,1.02758824153555,33,12,0.0323653685195691,0.132926533297436,0.690176528346171,12,0.65,0.8
1,0.966952366527185,1.04261085479282,33,13,0.0426108547928215,0.165963844634702,0.723213807664251,13,0.65,0.8
1,0.96662641797057,1.04770804536455,33,14,0.0477080453645464,0.178857043651808,0.736107043651657,14,0.65,0.8
1,0.966306458226443,1.05400146517715,33,15,0.054001465177151,0.193713846952659,0.750963846952857,15,0.65,0.8
1,0.965925850660523,1.0621444459825,33,16,0.0621444459825011,0.212683357239378,0.769933357239267,16,0.65,0.8
1,0.965040249839583,1.07485219172377,33,17,0.0748521917237706,0.24742968788725,0.80467968788696,17,0.65,0.8
1,0.964651347438947,1.08266769109743,33,18,0.0826676910974278,0.266458241900362,0.823708241899794,18,0.65,0.8
1,0.933122202412878,1.00108885745143,18,19,0.0668777975871223,0.124713855725698,0.681963849785632,19,0.65,0.8
1,0.933083360638521,1.02021759425765,18,20,0.0669166393614787,0.167813222536893,0.725063216393664,20,0.65,0.8
1,0.933071467886664,1.02539827219187,18,21,0.0669285321133358,0.179847260415583,0.737097254013861,21,0.65,0.8
1,0.933048948289856,1.03448971987049,18,22,0.0669510517101438,0.201528934024866,0.758778925326169,22,0.65,0.8
1,0.941111205835726,1,18,1,0.0588887941642743,0.102259643092443,0.659509639998817,23,0.65,0.8
1,0.941034126119691,1.00755212526439,18,24,0.0589658738803094,0.116493017606896,0.673743014293393,24,0.65,0.8
1,0.940912713269799,1.01782300595649,18,25,0.0590872867302012,0.138971664383699,0.696221660504364,25,0.65,0.8
1,0.966212267983113,1,18,1,0.0337877320168869,0.0701385583414583,0.627388558145299,26,0.65,0.8
1,0.966135174958733,1,18,1,0.0338648250412672,0.0743670128788184,0.631617012680579,27,0.65,0.8
1,0.96575779002855,1.00465980723331,18,28,0.0342422099714498,0.0919430814576982,0.649193081027022,28,0.65,0.8
1,0.965448849874309,1.01005444702758,18,29,0.0345511501256912,0.106393910137335,0.663643909035159,29,0.65,0.8
1,0.965262527390967,1.01460702173633,18,30,0.0347374726090335,0.116622220800177,0.673872218854115,30,0.65,0.8
1,0.96471845665954,1.02461702094945,18,31,0.03528154334046,0.140933362870543,0.698183353928812,31,0.65,0.8
1,0.964510100815723,1.02791696163859,18,32,0.0354898991842774,0.149663024839987,0.706913009403252,32,0.65,0.8
1,0.96420195302173,1.03174149549384,18,33,0.0357980469782697,0.161068769667367,0.718318737590664,33,0.65,0.8
1,0.933241339117853,1,18,1,0.0667586608821473,0.120019598394363,0.49151959252157,2,0.7,0.8
1,0.941867149375902,1,18,1,0.0581328506240985,0.0955453518851176,0.467045349046771,3,0.7,0.8
1,0.948213506957618,1,18,1,0.0517864930423825,0.0878630734495308,0.459363071849737,4,0.7,0.8
1,0.954783756008834,1,18,1,0.0452162439911655,0.0814130937854326,0.452913092941856,5,0.7,0.8
1,0.968807854391141,1,18,1,0.031192145608859,0.0697704320653843,0.441270431896896,6,0.7,0.8
1,0.971332301907732,1,33,1,0.028667698092268,0.0726190084478777,0.44411900824457,7,0.7,0.8
1,0.971112755035072,1.00433943877453,33,8,0.0288872449649277,0.0858557408877114,0.457355740610126,8,0.7,0.8
1,0.970629656327765,1.01545118541174,33,9,0.029370343672235,0.110009732978227,0.481509731888536,9,0.7,0.8
1,0.970129576993692,1.02674438537911,33,10,0.0298704230063084,0.135117670559584,0.506617665200508,10,0.7,0.8
1,0.97005056760498,1.02903884678473,33,11,0.0299494323950201,0.139914557611221,0.511414550929317,11,0.7,0.8
1,0.969895529096253,1.03346445245322,33,12,0.0334644524532168,0.149325854580975,0.520825844380965,12,0.7,0.8
1,0.969098805933875,1.04968120878213,33,13,0.0496812087821268,0.187900101962823,0.559400101962808,13,0.7,0.8
1,0.968720217307217,1.05515339721891,33,14,0.0551533972189118,0.20285332919102,0.574353329190558,14,0.7,0.8
1,0.968353156517241,1.06186470147409,33,15,0.0618647014740878,0.219891894460948,0.59139189446114,15,0.7,0.8
1,0.9679193087816,1.07053035811274,33,16,0.0705303581127419,0.241523287667206,0.613023287666863,16,0.7,0.8
1,0.96691081983717,1.08393287013541,33,17,0.0839328701354087,0.281035196684897,0.652535196684312,17,0.7,0.8
1,0.966471827767971,1.09218782883117,33,18,0.0921878288311737,0.302525852771242,0.674025852768807,18,0.7,0.8
1,0.933236399923299,1.00138394420579,18,19,0.0667636000767013,0.125400248003666,0.496900242112019,19,0.7,0.8
1,0.933190846170516,1.02213172535283,18,20,0.0668091538294837,0.175947820462289,0.547447814307702,20,0.7,0.8
1,0.933177026923938,1.02771485924103,18,21,0.066822973076062,0.1899272416269,0.561427235037399,21,0.7,0.8
1,0.933151034450095,1.03745555307685,18,22,0.0668489655499046,0.21494141930234,0.586441408610199,22,0.7,0.8
1,0.941825088881511,1.00064069207281,18,23,0.0581749111184886,0.103621299751861,0.475121296813654,23,0.7,0.8
1,0.941728190593605,1.00971270932214,18,24,0.0582718094063948,0.1215141328731,0.493014129655194,24,0.7,0.8
1,0.941584942472189,1.02088692973197,18,25,0.0584150575278108,0.148035440549159,0.519535436522176,25,0.7,0.8
1,0.968743708478028,1,18,1,0.0312562915219722,0.0732884475155434,0.444788447349822,26,0.7,0.8
1,0.968645937585974,1.000790704932,18,27,0.0313540624140264,0.078648870203555,0.450148870025089,27,0.7,0.8
1,0.968176693252544,1.0087154759414,18,28,0.0318233067474565,0.100501155287613,0.4720011546965,28,0.7,0.8
1,0.967799303127342,1.01487551862618,18,29,0.0322006968726576,0.11815245856592,0.489652456562624,29,0.7,0.8
1,0.96757685835158,1.01990235141766,18,30,0.0324231416484198,0.130374628025406,0.501874624131347,30,0.7,0.8
1,0.966941594453191,1.03071839293564,18,31,0.0330584055468085,0.158746393227069,0.530246374117951,31,0.7,0.8
1,0.966701393830194,1.03425152989934,18,32,0.0342515298993367,0.168801541809413,0.540301508827667,32,0.7,0.8
1,0.96635031670368,1.03829498761284,18,33,0.0382949876128393,0.1817775310952,0.553277531095375,33,0.7,0.8
1,0.933356277565278,1,18,1,0.0666437224347216,0.119906111254282,0.305656105433059,2,0.75,0.8
1,0.942589371190754,1,18,1,0.0574106288092457,0.0953335712354323,0.281083568561371,3,0.75,0.8
1,0.949374425248173,1,18,1,0.0506255747518267,0.0883324768777236,0.274082475426951,4,0.75,0.8
1,0.956391712359101,1,18,1,0.0436082876408991,0.0827053643806591,0.268455363645046,5,0.75,0.8
1,0.971338386234889,1,18,1,0.0286616137651111,0.0730274357953488,0.258777435652178,6,0.75,0.8
1,0.973822179187221,1,33,1,0.0261778208127794,0.0767206937089777,0.262470693514274,7,0.75,0.8
1,0.973552795477588,1.00771174871944,33,8,0.026447204522412,0.0929740614904757,0.278724061165292,8,0.75,0.8
1,0.972979577633091,1.01980566019496,33,9,0.0270204223669088,0.121641479009873,0.307391477141152,9,0.75,0.8
1,0.972392476138234,1.03203429441835,33,10,0.0320342944183543,0.15112696108794,0.336876950463534,10,0.75,0.8
1,0.972300635732308,1.034505416941,33,11,0.0345054169409986,0.156712687946361,0.342462674617252,11,0.75,0.8
1,0.972121305971455,1.03926193310276,33,12,0.0392619331027644,0.167617640974704,0.353367620514859,12,0.75,0.8
1,0.971204224550433,1.05663878195449,33,13,0.0566387819544854,0.212013496794099,0.397763496794141,13,0.75,0.8
1,0.970770298023407,1.06247055680718,33,14,0.0624705568071833,0.229128507623966,0.414878507624223,14,0.75,0.8
1,0.970354088838156,1.0695849582293,33,15,0.0695849582293022,0.248442934761926,0.434192934761768,15,0.75,0.8
1,0.96986494565123,1.07875554506802,33,16,0.0787555450680217,0.272840664505799,0.458590664505891,16,0.75,0.8
1,0.968728274297982,1.09281443433154,33,17,0.0928144343315387,0.317317346267928,0.503067346265311,17,0.75,0.8
1,0.968237502261356,1.10149086407499,33,18,0.101490864074993,0.341355227754738,0.527105227747313,18,0.75,0.8
1,0.933350504019057,1.00167880271746,18,19,0.0666494959809434,0.126195695967157,0.311945690123991,19,0.75,0.8
1,0.933297740022272,1.02403597793029,18,20,0.0667022599777284,0.184744526300676,0.370494520112175,20,0.75,0.8
1,0.933281865964219,1.03001651866209,18,21,0.0667181340357808,0.200798034645329,0.386548027734648,21,0.75,0.8
1,0.933252184924787,1.04039530773154,18,22,0.0667478150752129,0.229349417858583,0.415099403889485,22,0.75,0.8
1,0.942536839941622,1.00182705565425,18,23,0.0574631600583778,0.105420050817234,0.291170048023162,23,0.75,0.8
1,0.942418332574995,1.01186211448376,18,24,0.0575816674250048,0.127302896382378,0.313052893237398,24,0.75,0.8
1,0.942251728719197,1.02392839863577,18,25,0.0577482712808028,0.158148403019037,0.343898398682825,25,0.75,0.8
1,0.971258381053597,1.00088673587631,18,26,0.0287416189464028,0.077413881690231,0.263163881541857,26,0.75,0.8
1,0.971138187626522,1.00376075108188,18,27,0.0288618123734776,0.0840022837306961,0.269752283554965,27,0.75,0.8
1,0.970569895204462,1.01273188745084,18,28,0.029430104795538,0.110464447828015,0.29621444687848,28,0.75,0.8
1,0.970119236802773,1.01964074264316,18,29,0.0298807631972274,0.13154102065924,0.317291016749266,29,0.75,0.8
1,0.969858482762249,1.02513186720821,18,30,0.030141517237751,0.145880756280486,0.331630748326006,30,0.75,0.8
1,0.9691270303977,1.03673095959604,18,31,0.0367309595960423,0.178532887191521,0.364282847773723,31,0.75,0.8
1,0.968853393311862,1.04048935128596,18,32,0.040489351285959,0.189978275179498,0.375728275179483,32,0.75,0.8
1,0.968457392537654,1.04474208854852,18,33,0.044742088548523,0.204595082090148,0.390345082090278,33,0.75,0.8
1,0.933471186155148,1,18,1,0.0665288138448523,0.119832436652642,0.119832430881672,2,0.8,0.8
1,0.943310412706018,1,18,1,0.056689587293982,0.095375997417504,0.0953759948987454,3,0.8,0.8
1,0.950532307794556,1,18,1,0.0494676922054438,0.0892107060922082,0.0892107047764057,4,0.8,0.8
1,0.957993870855737,1.00000825762581,18,5,0.0420061291442626,0.0845631959984976,0.0845631953546899,5,0.8,0.8
1,0.973853692028339,1.00133552805755,18,6,0.0261463079716607,0.0771757011903554,0.0771757010605256,6,0.8,0.8
1,0.97629397317876,1.00197109959774,33,7,0.0237060268212401,0.0817861553208277,0.0817861551180954,7,0.8,0.8
1,0.97597113785709,1.01105603321361,33,8,0.0240288621429099,0.101280468750504,0.101280468319089,8,0.8,0.8
1,0.975302139055851,1.02411453641927,33,9,0.0246978609441488,0.134746988219721,0.134746984857657,9,0.8,0.8
1,0.974623128987222,1.0372584163381,33,10,0.0372584163380989,0.168857987411407,0.168857966932876,10,0.8,0.8
1,0.974517836322192,1.03990269275993,33,11,0.0399026927599264,0.175273068618143,0.175273042921731,11,0.8,0.8
1,0.974313096306933,1.04498334460355,33,12,0.0449833446035526,0.187744827093179,0.187744787762369,12,0.8,0.8
1,0.97327012507485,1.06348799489174,33,13,0.0634879948917408,0.238229157076909,0.238229157077114,13,0.8,0.8
1,0.972778308032976,1.06966478156493,33,14,0.0696647815649321,0.257602111232651,0.2576021112327,14,0.8,0.8
1,0.972311033463641,1.07716834045142,33,15,0.0771683404514161,0.279280514058638,0.279280514058371,15,0.8,0.8
1,0.971764686664818,1.08682717929826,33,16,0.086827179298264,0.306541776068779,0.306541776068343,16,0.8,0.8
1,0.970494783547841,1.10150627915997,33,17,0.101506279159966,0.35617369802576,0.356173698017699,17,0.8,0.8
1,0.969950651028809,1.11058733210906,33,18,0.110587332109055,0.382838613915156,0.382838613894592,18,0.8,0.8
1,0.933464514874021,1.00197343343581,18,19,0.0665354851259786,0.127100008102281,0.127100002306406,19,0.8,0.8
1,0.933404048536231,1.02593047363388,18,20,0.066595951463769,0.194196322824836,0.194196316570014,20,0.8,0.8
1,0.93338599412869,1.03230347183316,18,21,0.0666140058713098,0.212449722146281,0.212449714715035,21,0.8,0.8
1,0.933352414219624,1.04330947392559,18,22,0.0666475857803757,0.244737634694226,0.244737615534802,22,0.8,0.8
1,0.943246474999051,1.00301016093514,18,23,0.0567535250009491,0.107652829133389,0.107652826472133,23,0.8,0.8
1,0.943104602566051,1.01400049217217,18,24,0.0568953974339488,0.133849863355464,0.133849860256419,24,0.8,0.8
1,0.942913166727185,1.02694783361496,18,25,0.0570868332728148,0.169292933597297,0.169292928703442,25,0.8,0.8
1,0.973756574226261,1.00354372032404,18,26,0.0262434257737388,0.0824996056969829,0.0824996055524707,26,0.8,0.8
1,0.973612273108683,1.00671030407354,18,27,0.0263877268913173,0.0904088298868999,0.0904088296903183,27,0.8,0.8
1,0.972938023099579,1.01671001707481,18,28,0.0270619769004206,0.121801484710511,0.121801483041679,28,0.8,0.8
1,0.972409505813728,1.02435174146821,18,29,0.0275904941862725,0.14651748363167,0.14651747597469,29,0.8,0.8
1,0.972108383850167,1.03029762999937,18,30,0.0302976299993651,0.16309167351333,0.163091657695418,30,0.8,0.8
1,0.971276016781484,1.04265785985037,18,31,0.0426578598503682,0.200231821963375,0.200231821963257,31,0.8,0.8
1,0.970967438596602,1.04663396282446,18,32,0.0466339628244608,0.213128728126274,0.213128728125866,32,0.8,0.8
1,0.970524608506776,1.05108679883478,18,33,0.0510867988347758,0.229453703419961,0.22945370342029,33,0.8,0.8
1,0.913208542719911,1,18,1,0.0867914572800891,0.201807417118337,3.73105736985849,2,0.05,1
1,0.913849231361897,1,18,1,0.0861507686381026,0.197631586488698,3.72688154121477,3,0.05,1
1,0.914329372163,1,18,1,0.0856706278369999,0.195426806900536,3.72467676315551,4,0.05,1
1,0.914834838430019,1,18,1,0.0851651615699812,0.193223469023224,3.72247342695005,5,0.05,1
1,0.915954595201339,1,18,1,0.0840454047986608,0.188460310376289,3.71771027285661,6,0.05,1
1,0.916218876650185,1,18,1,0.0837811233498151,0.187845179979522,3.71709514382331,7,0.05,1
1,0.9171554336193,1,18,1,0.0828445663807005,0.186198622057928,3.7154485873009,8,0.05,1
1,0.918519612956231,1,18,1,0.0814803870437686,0.184355873929412,3.71360584140064,9,0.05,1
1,0.919566033847744,1,33,1,0.0804339661522555,0.182665416939785,3.71191538650493,10,0.05,1
1,0.919570794650163,1,33,1,0.0804292053498371,0.182388608669689,3.71163857848614,11,0.05,1
1,0.919579001519129,1,33,1,0.080420998480871,0.181911569077031,3.71116153933201,12,0.05,1
1,0.919613348508566,1,33,1,0.0803866514914341,0.180255155696095,3.7095051282509,13,0.05,1
1,0.919626332461027,1,33,1,0.0803736675389729,0.179726703959823,3.70897667764041,14,0.05,1
1,0.919633552087401,1,33,1,0.0803664479125993,0.179391035276652,3.70864100949632,15,0.05,1
1,0.919639192491278,1,33,1,0.0803608075087219,0.179113451345471,3.70836342589143,16,0.05,1
1,0.919645210668692,1,33,1,0.0803547893313077,0.178869762105818,3.70811973705457,17,0.05,1
1,0.919645075073694,1,33,1,0.0803549249263064,0.178876307474393,3.7081262823142,18,0.05,1
1,0.913208640049311,1,18,1,0.0867913599506892,0.201703648388755,3.73095360113098,19,0.05,1
1,0.913209222822406,1,18,1,0.0867907771775936,0.201070935970596,3.73032088872407,20,0.05,1
1,0.913209308159112,1,18,1,0.0867906918408884,0.200986091496135,3.73023604425072,21,0.05,1
1,0.913209303131342,1,18,1,0.0867906968686581,0.200990859460884,3.7302408122153,22,0.05,1
1,0.913854345739956,1,18,1,0.0861456542600439,0.196667791855328,3.72591774669786,23,0.05,1
1,0.913863877577357,1,18,1,0.0861361224226428,0.194937149551613,3.72418710462142,24,0.05,1
1,0.913868070836774,1,18,1,0.086131929163226,0.19417393890159,3.72342389407407,25,0.05,1
1,0.915964085029211,1,18,1,0.0840359149707893,0.187951377982699,3.71720134093863,26,0.05,1
1,0.915976484111185,1,18,1,0.0840235158888153,0.187286566886406,3.71653653046167,27,0.05,1
1,0.916027139628313,1,18,1,0.0839728603716871,0.184930924857197,3.71418089110904,28,0.05,1
1,0.916062625992947,1,18,1,0.0839373740070526,0.183274593679028,3.71252456159112,29,0.05,1
1,0.916078182130695,1,18,1,0.0839218178693047,0.182441190659092,3.7116911588555,30,0.05,1
1,0.916101282073788,1,18,1,0.0838987179262118,0.181404237652483,3.71065420781321,31,0.05,1
1,0.91610556512335,1,18,1,0.08389443487665,0.181222285670265,3.71047225620401,32,0.05,1
1,0.916104563936438,1,18,1,0.0838954360635621,0.181260518080127,3.71051048840883,33,0.05,1
1,0.913326572122763,1,18,1,0.0866734278772372,0.200978038611578,3.54447799169066,2,0.1,1
1,0.914606644032039,1,18,1,0.0853933559679607,0.192861383477283,3.53636134041437,3,0.1,1
1,0.915564667114359,1,18,1,0.0844353328856412,0.188640161181014,3.53214012097538,4,0.1,1
1,0.916571999077892,1,18,1,0.0834280009221084,0.18444278278227,3.52794274558846,5,0.1,1
1,0.918797619835166,1,18,1,0.0812023801648342,0.175423794548069,3.51892376492657,6,0.1,1
1,0.91931908455388,1,18,1,0.08068091544612,0.174320143576424,3.51782011595418,7,0.1,1
1,0.921175874175459,1,18,1,0.0788241258245408,0.171446301162313,3.51494627550295,8,0.1,1
1,0.922428437332921,1,33,1,0.0775715626670787,0.168388797968413,3.51188877506644,9,0.1,1
1,0.922483307021531,1,33,1,0.0775166929784689,0.165664290912983,3.50916427028949,10,0.1,1
1,0.92249072306752,1,33,1,0.0775092769324802,0.165232279730271,3.50873225935914,11,0.1,1
1,0.922503149359589,1,33,1,0.0774968506404107,0.164508719897547,3.50800869994686,12,0.1,1
1,0.922552469218842,1,33,1,0.0774475307811583,0.162131212404989,3.50563119432337,13,0.1,1
1,0.922569702582902,1,33,1,0.0774302974170981,0.161431790887464,3.50493177358771,14,0.1,1
1,0.922576333339131,1,33,1,0.0774236666608689,0.161123737606044,3.50462372050771,15,0.1,1
1,0.922578623380842,1,33,1,0.0774213766191583,0.161011173462073,3.50451115632097,16,0.1,1
1,0.922571564258715,1,33,1,0.0774284357412848,0.16129588795513,3.5047958701827,17,0.1,1
1,0.922562901699887,1,33,1,0.0774370983001126,0.1617143560192,3.50521433778027,18,0.1,1
1,0.91332669952945,1,18,1,0.08667330047055,0.200842201011779,3.54434215409327,19,0.1,1
1,0.913327255181327,1,18,1,0.086672744818673,0.200238981725451,3.54373893481721,20,0.1,1
1,0.913327244406398,1,18,1,0.0866727555936018,0.200249695388682,3.54374964848034,21,0.1,1
1,0.913326908317994,1,18,1,0.0866730916820058,0.200568247193413,3.5440682002789,22,0.1,1
1,0.914615722396802,1,18,1,0.0853842776031976,0.191150502493177,3.53465045962793,23,0.1,1
1,0.914632317022742,1,18,1,0.0853676829772585,0.188137464558902,3.53163742206249,24,0.1,1
1,0.91463826056728,1,18,1,0.0853617394327195,0.187055660858525,3.53055561849146,25,0.1,1
1,0.918814399028366,1,18,1,0.0811856009716342,0.174523962946159,3.51802393404512,26,0.1,1
1,0.918836087240786,1,18,1,0.0811639127592139,0.173361211147527,3.51686118315854,27,0.1,1
1,0.918923205238347,1,18,1,0.0810767947616532,0.169310550749615,3.51281052630299,28,0.1,1
1,0.918982873482065,1,18,1,0.0810171265179349,0.166525857165566,3.51002583455795,29,0.1,1
1,0.919007864004047,1,18,1,0.0809921359959528,0.16518550690231,3.50868548446158,30,0.1,1
1,0.919040028697308,1,18,1,0.0809599713026919,0.163742885050331,3.50724286417403,31,0.1,1
1,0.919043975136884,1,18,1,0.0809560248631164,0.163575501669051,3.50707548090185,32,0.1,1
1,0.919036567063681,1,18,1,0.0809634329363192,0.163857544542915,3.50735752302654,33,0.1,1
1,0.913444569839903,1,18,1,0.0865554301600966,0.200188955281776,3.35793890869752,2,0.15,1
1,0.915362726055376,1,18,1,0.0846372739446243,0.188365309641057,3.34611526867974,3,0.15,1
1,0.916796395013404,1,18,1,0.0832036049865961,0.18231382233246,3.34006378537651,4,0.15,1
1,0.91830204489969,1,18,1,0.0816979551003099,0.176328067850327,3.33407803496442,5,0.15,1
1,0.92161996829015,1,18,1,0.0783800317098499,0.16354645589554,3.32129643246958,6,0.15,1
1,0.922391735203944,1,18,1,0.0776082647960558,0.162076026382925,3.31982600514579,7,0.15,1
1,0.925153058432713,1,18,1,0.0748469415672869,0.158375865381577,3.31612584620927,8,0.15,1
1,0.925280864364108,1,33,1,0.0747191356358917,0.154695264051387,3.31244524741948,9,0.15,1
1,0.925344303552013,1,33,1,0.0746556964479868,0.151544288250506,3.3092942734595,10,0.15,1
1,0.925352459567577,1,33,1,0.0746475404324233,0.151068486784207,3.30881847218251,11,0.15,1
1,0.925365495646577,1,33,1,0.0746345043534227,0.150308598410056,3.30805858410542,12,0.15,1
1,0.925412390374907,1,33,1,0.0745876096250934,0.148049342684017,3.30579932941731,13,0.15,1
1,0.925426101005924,1,33,1,0.0745738989940762,0.147494249161758,3.3052442362137,14,0.15,1
1,0.925425304336282,1,33,1,0.0745746956637182,0.147531355049152,3.30528134198659,15,0.15,1
1,0.925416480744677,1,33,1,0.0745835192553229,0.147966644627014,3.30571663123465,16,0.15,1
1,0.925379876946077,1,33,1,0.074620123053923,0.14943830656356,3.30718829169143,17,0.15,1
1,0.925355660721707,1,33,1,0.0746443392782931,0.15060900197129,3.30835898635911,18,0.15,1
1,0.913444660237554,1,18,1,0.0865553397624458,0.200092573591933,3.35784252700904,19,0.15,1
1,0.913444587465238,1,18,1,0.0865554125347615,0.200171757273365,3.35792171068903,20,0.15,1
1,0.913444303879568,1,18,1,0.0865556961204322,0.200453540265564,3.35820349367623,21,0.15,1
1,0.913443321422735,1.00158710503177,18,22,0.0865566785772648,0.201384246311492,3.3591341997041,22,0.15,1
1,0.915374631991078,1,18,1,0.084625368008922,0.186121469866915,3.34387142915375,23,0.15,1
1,0.915395874539745,1,18,1,0.0846041254602545,0.18226446259461,3.34001442232335,24,0.15,1
1,0.915401211042766,1,18,1,0.0845987889572345,0.181293124953299,3.33904308478566,25,0.15,1
1,0.921641918918152,1,18,1,0.0783580810818482,0.162369475910688,3.32011945330322,26,0.15,1
1,0.921669915120718,1,18,1,0.0783300848792817,0.160868946847341,3.31861892524728,27,0.15,1
1,0.921780026482492,1,18,1,0.0782199735175082,0.155749740951019,3.31349972285352,28,0.15,1
1,0.921853327055919,1,18,1,0.0781466729440806,0.152329069047182,3.31007905243865,29,0.15,1
1,0.921882127330396,1,18,1,0.0781178726696037,0.150782811737608,3.30853279512183,30,0.15,1
1,0.921910552164619,1,18,1,0.0780894478353805,0.149509008260749,3.30725899231282,31,0.15,1
1,0.921909982504038,1,18,1,0.0780900174959622,0.149533138000795,3.30728312183254,32,0.15,1
1,0.921891275439181,1,18,1,0.0781087245608192,0.150243336837665,3.30799331944178,33,0.15,1
1,0.913562535894455,1,18,1,0.0864374641055454,0.199440140991452,3.17144009474049,2,0.2,1
1,0.916117483817719,1,18,1,0.083882516182281,0.184142175783102,3.15614213681926,3,0.2,1
1,0.918024584038694,1,18,1,0.0819754159613058,0.176444475146049,3.14844444117398,4,0.2,1
1,0.920025055732962,1,18,1,0.0799749442670381,0.168872459671486,3.14087243058964,5,0.2,1
1,0.924422040051843,1,18,1,0.0755779599481565,0.152807845617164,3.12480782705734,6,0.2,1
1,0.92543743509356,1,18,1,0.0745625649064404,0.151087793287441,3.12308777684649,7,0.2,1
1,0.928015155560714,1,33,1,0.0719848444392857,0.14694504236482,3.11894502785606,8,0.2,1
1,0.928090819489102,1,33,1,0.0719091805108982,0.143199507197616,3.11519949474416,9,0.2,1
1,0.928151482731334,1,33,1,0.0718485172686659,0.140185681507723,3.11218567034786,10,0.2,1
1,0.928158632347426,1,33,1,0.0718413676525742,0.139768418879575,3.11176840784242,11,0.2,1
1,0.928169001967798,1,33,1,0.0718309980322021,0.139164384539103,3.111164373679,12,0.2,1
1,0.928197781898204,1,33,1,0.0718022181017958,0.137779820401816,3.1097798098935,13,0.2,1
1,0.928201010709242,1,33,1,0.0717989892907578,0.137648962438798,3.10964895189414,14,0.2,1
1,0.928186756250135,1,33,1,0.0718132437498649,0.138310722935702,3.11031071205065,15,0.2,1
1,0.928160064086319,1,33,1,0.071839935913681,0.139627572206501,3.11162756078147,16,0.2,1
1,0.928079556370229,1,33,1,0.0719204436297706,0.142854446232984,3.1148544325805,17,0.2,1
1,0.928033831496692,1,33,1,0.0719661685033079,0.145066526902197,3.11706651221357,18,0.2,1
1,0.91356252236193,1,18,1,0.0864374776380703,0.199454565559423,3.17145451930799,19,0.2,1
1,0.913561228249282,1.00109708083975,18,20,0.0864387717507182,0.200859987896439,3.17285994162148,20,0.2,1
1,0.913560499714102,1.00227588241706,18,21,0.0864395002858978,0.201583657471376,3.17358361118323,21,0.2,1
1,0.913558565745339,1.00485422007642,18,22,0.0864414342546612,0.203414810112211,3.1754147637875,22,0.2,1
1,0.916131094655392,1,18,1,0.0838689053446083,0.181576966066227,3.15357692737507,23,0.2,1
1,0.91615462279248,1,18,1,0.0838453772075196,0.177304895755798,3.14930485752512,24,0.2,1
1,0.916157076463026,1,18,1,0.0838429235369735,0.176858273374033,3.1488582351821,25,0.2,1
1,0.924447122684066,1,18,1,0.0755528773159344,0.151463391664907,3.12346337393194,26,0.2,1
1,0.924478567610354,1,18,1,0.0755214323896463,0.149778897962371,3.12177888121823,27,0.2,1
1,0.924598877086295,1,18,1,0.0754011229137053,0.144185862903645,3.11618584922115,28,0.2,1
1,0.92467594741529,1,18,1,0.0753240525847096,0.140589245368631,3.11258923270714,29,0.2,1
1,0.924703378085712,1,18,1,0.0752966219142875,0.139115309462191,3.11111529665396,30,0.2,1
1,0.924716341728251,1,18,1,0.0752836582717488,0.138534926089364,3.1105349131218,31,0.2,1
1,0.924707458043966,1,18,1,0.075292541956034,0.138910613947255,3.11091060048653,32,0.2,1
1,0.924673001399736,1,18,1,0.075326998600264,0.140215218713489,3.11221520364398,33,0.2,1
1,0.91368047030951,1,18,1,0.0863195296904898,0.198731569632831,2.98498152371309,2,0.25,1
1,0.916870923654495,1,18,1,0.0831290763455046,0.180190801706729,2.9664407646419,3,0.25,1
1,0.919249262002942,1,18,1,0.080750737997058,0.171028845937482,2.95727881470526,4,0.25,1
1,0.921741109943665,1,18,1,0.0782588900563348,0.162069216365949,2.94831919064336,5,0.25,1
1,0.927204221900202,1,18,1,0.0727957780997976,0.143188150621325,2.92943813588948,6,0.25,1
1,0.928456768515694,1,18,1,0.0715432314843056,0.141331307848274,2.9275812950263,7,0.25,1
1,0.93079346071607,1,33,1,0.0692065392839304,0.13711344973386,2.9233634386074,8,0.25,1
1,0.930859770925529,1,33,1,0.0691402290744711,0.133830221059209,2.92008021145989,9,0.25,1
1,0.930907123853567,1,33,1,0.0690928761464326,0.131477471482277,2.91772746268833,10,0.25,1
1,0.930911671142596,1,33,1,0.0690883288574041,0.131212953606256,2.91746294488121,11,0.25,1
1,0.930916393361805,1,33,1,0.0690836066381955,0.130940939748238,2.91719093110459,12,0.25,1
1,0.930912853379699,1,33,1,0.0690871466203007,0.131115516846424,2.91736550804643,13,0.25,1
1,0.930899332852446,1,33,1,0.0691006671475536,0.131658917138852,2.91790890803554,14,0.25,1
1,0.930866268963859,1,33,1,0.0691337310361411,0.133192930606442,2.91944292097867,15,0.25,1
1,0.930815789142215,1,33,1,0.0691842108577855,0.135684296108646,2.92193428574279,16,0.25,1
1,0.930678727990698,1,33,1,0.0693212720093019,0.141162114023327,2.92741210060314,17,0.25,1
1,0.930606392322429,1,33,1,0.0693936076775705,0.144664002176898,2.93091398730468,18,0.25,1
1,0.913680286090248,1,18,1,0.0863197139097518,0.198927977017948,2.98517793109482,19,0.25,1
1,0.913677185910097,1.00311105653388,18,20,0.0863228140899031,0.202294613919069,2.98854456793947,20,0.25,1
1,0.913675844667281,1.00474456181939,18,21,0.0863241553327188,0.203626481211872,2.98987643520718,21,0.25,1
1,0.91367266368205,1.00808903318103,18,22,0.0863273363179495,0.206636826004218,2.992886779939,22,0.25,1
1,0.916885130247936,1,18,1,0.0831148697520642,0.177513313320358,2.96376327652951,23,0.25,1
1,0.916908632583231,1,18,1,0.0830913674167693,0.173245854999708,2.9594958186442,24,0.25,1
1,0.916906005299957,1,18,1,0.0830939947000432,0.173724090969248,2.95997405455893,25,0.25,1
1,0.927230471818098,1,18,1,0.0727695281819022,0.141782014321735,2.92803200037213,26,0.25,1
1,0.927262621600534,1,18,1,0.0727373783994657,0.140061350430109,2.92631133738951,27,0.25,1
1,0.927380962061406,1,18,1,0.0726190379385936,0.134559633165258,2.92080962261082,28,0.25,1
1,0.927452566100304,1,18,1,0.0725474338996956,0.131217625872514,2.9174676159073,29,0.25,1
1,0.927473847827849,1,18,1,0.072526152172151,0.130073704017013,2.91632369380864,30,0.25,1
1,0.92746058635978,1,18,1,0.07253941364022,0.130667355101428,2.91691734407834,31,0.25,1
1,0.927439923110943,1,18,1,0.0725600768890565,0.13153998785083,2.91778997611829,32,0.25,1
1,0.927385647884264,1,18,1,0.0726143521157359,0.133589749832674,2.91983973616908,33,0.25,1
1,0.913798373108137,1,18,1,0.0862016268918631,0.198063215127792,2.79856316953669,2,0.3,1
1,0.917623051851299,1,18,1,0.0823769481487009,0.176510016119908,2.77700998085948,3,0.3,1
1,0.920470456359585,1,18,1,0.0795295436404151,0.166063701818933,2.7665636731021,4,0.3,1
1,0.923450284463649,1,18,1,0.0765497155363508,0.155911715667704,2.75641169291191,5,0.3,1
1,0.929966888465903,1,18,1,0.0700331115340971,0.134668166067393,2.73516815435073,6,0.3,1
1,0.931450298677875,1,18,1,0.0685497013221255,0.132783287741049,2.73328327766478,7,0.3,1
1,0.933542202227464,1,33,1,0.0664577977725358,0.128842478561996,2.72934246991213,8,0.3,1
1,0.933589101940749,1,33,1,0.0664108980592506,0.126520198230806,2.7270201906282,9,0.3,1
1,0.93361334413495,1,33,1,0.0663866558650499,0.125316519715626,2.72581651252324,10,0.3,1
1,0.933613827597342,1,33,1,0.0663861724026579,0.125291664289197,2.7257916571233,11,0.3,1
1,0.933610183963016,1,33,1,0.0663898160369839,0.125513542601052,2.72601353544246,12,0.3,1
1,0.933561415262188,1,33,1,0.0664385847378119,0.127868899751979,2.72836889204342,13,0.3,1
1,0.933525469764,1,33,1,0.0664745302360003,0.129311195692185,2.72981118745548,14,0.3,1
1,0.933468818868188,1,33,1,0.0665311811318124,0.131938131742742,2.73243812279418,15,0.3,1
1,0.933389330858423,1,33,1,0.0666106691415772,0.135862893391702,2.7363628834658,16,0.3,1
1,0.933184466805192,1,33,1,0.0668155331948085,0.144028582028365,2.74452856789452,17,0.3,1
1,0.933081104717588,1,33,1,0.0669188952824121,0.149035880271932,2.74953586397118,18,0.3,1
1,0.913797951609552,1,18,1,0.0862020483904475,0.198512608741506,2.79901256314304,19,0.3,1
1,0.913792468632191,1.00511385745897,18,20,0.0862075313678088,0.204466783806514,2.80496673810831,20,0.3,1
1,0.913790351133189,1.00719590735044,18,21,0.0862096488668114,0.206568832556298,2.80706878681826,21,0.3,1
1,0.913785636773362,1.01129225747867,18,22,0.0862143632266381,0.211028066107496,2.81152802027378,22,0.3,1
1,0.917636758357692,1,18,1,0.082363241642308,0.173926883055505,2.77442684805152,23,0.3,1
1,0.917657972918738,1,18,1,0.0823420270812625,0.170074758089841,2.77057472346058,24,0.3,1
1,0.917648140592003,1,18,1,0.0823518594079974,0.17186455164129,2.77236451683933,25,0.3,1
1,0.92999241210159,1,18,1,0.07000758789841,0.133302438408709,2.73380242740245,26,0.3,1
1,0.930022632222046,1,18,1,0.069977367777954,0.131687691587254,2.73218768138207,27,0.3,1
1,0.930127422779269,1,18,1,0.0698725772207309,0.126814871160055,2.7273148628629,28,0.3,1
1,0.930184897095224,1,18,1,0.0698151029047759,0.124131116141801,2.72463110808047,29,0.3,1
1,0.930195610905737,1,18,1,0.0698043890942632,0.123556362034772,2.72405635366283,30,0.3,1
1,0.930146209737459,1,18,1,0.069853790262541,0.125765733584128,2.72626572389129,31,0.3,1
1,0.930110592231018,1,18,1,0.0698894077689816,0.127267928324051,2.72776791773936,32,0.3,1
1,0.930032760822575,1,18,1,0.0699672391774251,0.130200264710049,2.73070025189583,33,0.3,1
1,0.913916244313375,1,18,1,0.0860837556866253,0.197435051427826,2.61218500616337,2,0.35,1
1,0.918373874644428,1,18,1,0.0816261253555717,0.173098656541054,2.5878486229962,3,0.35,1
1,0.9216881942092,1,18,1,0.0783118057907997,0.161545849987356,2.57629582358049,4,0.35,1
1,0.92515265482692,1,18,1,0.0748473451730804,0.150393451959985,2.56514343182403,5,0.35,1
1,0.932710402755842,1,18,1,0.0672895972441584,0.127229269416885,2.5419792600789,6,0.35,1
1,0.934418568746312,1,18,1,0.0655814312536875,0.125421263015242,2.54017125503367,7,0.35,1
1,0.936262140631922,1,33,1,0.0637378593680783,0.122095185950075,2.53684517913172,8,0.35,1
1,0.93628011757065,1,33,1,0.0637198824293501,0.12120600711116,2.53595600093405,9,0.35,1
1,0.936272114403143,1,33,1,0.0637278855968573,0.12160678905307,2.53635678297286,10,0.35,1
1,0.936267193022521,1,33,1,0.0637328069774791,0.121901954566729,2.53665194847855,11,0.35,1
1,0.936252699178137,1,33,1,0.0637473008218632,0.122766795402247,2.53751678926164,12,0.35,1
1,0.936146929937342,1,33,1,0.0638530700626577,0.127869527255765,2.54261952021778,13,0.35,1
1,0.936083393279825,1,33,1,0.0639166067201753,0.130413677587968,2.54516366979288,14,0.35,1
1,0.935998866482022,1,33,1,0.0640011335179778,0.134331326634464,2.54908131788852,15,0.35,1
1,0.935885737874895,1,33,1,0.064114262125105,0.139919657711909,2.55466964762775,16,0.35,1
1,0.93560297768874,1,33,1,0.0643970223112595,0.151162095267327,2.56591207890608,17,0.35,1
1,0.935464731794687,1.00413072240077,33,18,0.0645352682053127,0.157863696872639,2.57261367673863,18,0.35,1
1,0.913915519106255,1,18,1,0.0860844808937445,0.198208262171265,2.61295821689401,19,0.35,1
1,0.913907084414052,1.00710563382588,18,20,0.0860929155859482,0.20736784754729,2.62211780211572,20,0.35,1
1,0.91390403115697,1.00963020542534,18,21,0.0860959688430296,0.210397904252786,2.6251478587622,21,0.35,1
1,0.913897505748544,1.01446457893974,18,22,0.0861024942514563,0.216567141192772,2.63131709556006,22,0.35,1
1,0.918385998309492,1,18,1,0.0816140016905079,0.170814094974872,2.58556406165127,23,0.35,1
1,0.918402711073461,1,18,1,0.0815972889265392,0.16777933808943,2.58252930505051,24,0.35,1
1,0.918383620219378,1,18,1,0.0816163797806222,0.171254568243273,2.58600453489265,25,0.35,1
1,0.932733374341107,1,18,1,0.0672666256588932,0.126002512279498,2.54075250356863,26,0.35,1
1,0.932759133973799,1,18,1,0.0672408660262008,0.124630353614836,2.53938034558814,27,0.35,1
1,0.932839341573649,1,18,1,0.0671606584263514,0.120898275781468,2.53564826914101,28,0.35,1
1,0.932874547126373,1,18,1,0.0671254528736273,0.119251792586246,2.53400178590539,29,0.35,1
1,0.93287059954484,1,18,1,0.0671294004551596,0.119468579201447,2.53421857216011,30,0.35,1
1,0.932775900156923,1,18,1,0.0672240998430772,0.123700788923639,2.53845078015502,31,0.35,1
1,0.932722409268371,1,18,1,0.0672775907316294,0.12595399364277,2.54070398381515,32,0.35,1
1,0.932617573194945,1,18,1,0.0673824268050548,0.129894803395254,2.54464479102637,33,0.35,1
1,0.914034083948234,1,18,1,0.0859659160517655,0.196847052513986,2.42584700757334,2,0.4,1
1,0.91912339822143,1,18,1,0.0808766017785699,0.169955569206035,2.39895553729127,3,0.4,1
1,0.922902502305789,1,18,1,0.0770974976942113,0.157472137028685,2.38647211274241,4,0.4,1
1,0.926848295204743,1,18,1,0.073151704795257,0.145508033404763,2.3745080155814,5,0.4,1
1,0.935435116649879,1,18,1,0.0645648833501211,0.120853395894355,2.34985338843586,6,0.4,1
1,0.937362102824762,1,18,1,0.0626378971752378,0.119223536946379,2.34822353057154,7,0.4,1
1,0.938954003834506,1,33,1,0.0610459961654936,0.11683619584688,2.34583619039597,8,0.4,1
1,0.93893405067045,1,33,1,0.0610659493295498,0.1178277008778,2.34682769573539,9,0.4,1
1,0.938885272884883,1,33,1,0.0611147271151169,0.120258676251955,2.34925867095086,10,0.4,1
1,0.938873713938098,1,33,1,0.0611262860619023,0.120948300927261,2.34994829558843,11,0.4,1
1,0.93884609494937,1,33,1,0.0611539050506302,0.122593674445025,2.35159366899893,12,0.4,1
1,0.938672554714882,1,33,1,0.0613274452851179,0.130961940491812,2.3599619337773,13,0.4,1
1,0.93857670147034,1,33,1,0.0614232985296599,0.134792301076276,2.36379229330339,14,0.4,1
1,0.938460428326237,1,33,1,0.0615395716737627,0.140178902628272,2.36917889351872,15,0.4,1
1,0.938309525163136,1.001874109224,33,16,0.0616904748368642,0.1476366325039,2.37663662136157,16,0.4,1
1,0.937939737643032,1.01021850807453,33,17,0.0620602623569683,0.162305174724359,2.39130515250281,17,0.4,1
1,0.937763208520964,1.01548047592767,33,18,0.0622367914790359,0.170868044150813,2.39986801365347,18,0.4,1
1,0.914032988766149,1,18,1,0.0859670112338505,0.198014739412407,2.42701469445279,19,0.4,1
1,0.914021041073992,1.0090865324135,18,20,0.0859789589260084,0.21098935030528,2.43998930512646,20,0.4,1
1,0.91401689644836,1.01204773437583,18,21,0.08598310355164,0.215101246306977,2.44410120104476,21,0.4,1
1,0.914008290567225,1.01760665778492,18,22,0.0859917094327755,0.223233457688295,2.45223341221362,22,0.4,1
1,0.919132869168967,1,18,1,0.0808671308310335,0.168171416160816,2.39717138441904,23,0.4,1
1,0.919142912650008,1,18,1,0.0808570873499915,0.166347632372111,2.39534760080033,24,0.4,1
1,0.919112577161563,1,18,1,0.0808874228384369,0.171869945703302,2.40086991365928,25,0.4,1
1,0.935453775060734,1,18,1,0.0645462249392659,0.11986080367963,2.34886079676215,26,0.4,1
1,0.93547264177712,1,18,1,0.0645273582228802,0.118862760670937,2.34786275432413,27,0.4,1
1,0.935517745924179,1,18,1,0.0644822540758213,0.116759222307805,2.34575921690151,28,0.4,1
1,0.935523024828021,1,18,1,0.0644769751719789,0.116506461831067,2.34550645617077,29,0.4,1
1,0.935500617119733,1,18,1,0.0644993828802672,0.117721934756892,2.34672192869397,30,0.4,1
1,0.935352136234916,1,18,1,0.0646478637650839,0.124353306532051,2.35335329838961,31,0.4,1
1,0.93527807827943,1,18,1,0.0647219217205698,0.127469163961459,2.35646915458631,32,0.4,1
1,0.935143042322405,1,18,1,0.0648569576775946,0.132534360270476,2.3615343479878,33,0.4,1
1,0.9141518920357,1,18,1,0.0858481079643002,0.196299192396833,2.23954914777806,2,0.45,1
1,0.919871628721618,1,18,1,0.0801283712783823,0.167079608976508,2.21032957861155,3,0.45,1
1,0.924113407062899,1,18,1,0.075886592937101,0.153839448237577,2.1970894258979,4,0.45,1
1,0.928537278439621,1,18,1,0.0714627215603787,0.141249179162643,2.18449916338187,5,0.45,1
1,0.938141371370704,1,18,1,0.0618586286292958,0.115523015265595,2.15877300929321,6,0.45,1
1,0.940281406872944,1,18,1,0.0597185931270561,0.114169149289603,2.15741914415503,7,0.45,1
1,0.941618489030613,1,33,1,0.0583815109693867,0.11303160735361,2.15628160293221,8,0.45,1
1,0.941552067376715,1,33,1,0.0584479326232845,0.116328554757627,2.15957855037345,9,0.45,1
1,0.941454537365816,1,33,1,0.0585454626341844,0.121188423352629,2.1644384185845,10,0.45,1
1,0.94143520572843,1,33,1,0.0585647942715699,0.122341587178805,2.16559158234389,11,0.45,1
1,0.941392374558301,1,33,1,0.0586076254416985,0.124894701450659,2.16814469644987,12,0.45,1
1,0.941141178190102,1,33,1,0.0588588218098984,0.137003879896806,2.18025387312508,13,0.45,1
1,0.941008666080879,1.00139984654925,33,14,0.0589913339191207,0.142288773192523,2.18553876484435,14,0.45,1
1,0.940857136380468,1.0056934111417,33,15,0.0591428636195325,0.149305772413674,2.19255576192609,15,0.45,1
1,0.940664749713876,1.01140441556456,33,16,0.0593352502861239,0.15881796183726,2.20206794763698,16,0.45,1
1,0.940199609381191,1.02068771017362,33,17,0.0598003906188088,0.177229272231924,2.22047923420035,17,0.45,1
1,0.939981776268015,1.02650517201863,33,18,0.0600182237319845,0.187802231334753,2.2310521721073,18,0.45,1
1,0.914150360774404,1,18,1,0.0858496392255961,0.197931843231053,2.24118179858522,19,0.45,1
1,0.914134346255781,1.01105669667705,18,20,0.0858656537442188,0.215323026328138,2.2585729813872,20,0.45,1
1,0.914128958394552,1.01444876476415,18,21,0.0858710416054483,0.220666752277224,2.2639167072208,21,0.45,1
1,0.914118010458238,1.02071912980486,18,22,0.0858819895417618,0.231007177507895,2.27425713212654,22,0.45,1
1,0.91987738974738,1,18,1,0.0801226102526205,0.165995360198347,2.20924532994587,23,0.45,1
1,0.91987864163687,1,18,1,0.0801213583631297,0.165767972121693,2.20901794190269,24,0.45,1
1,0.919835139738457,1,18,1,0.0801648602615428,0.173687337125245,2.21693730625162,25,0.45,1
1,0.938154017153882,1,18,1,0.0618459828461176,0.114856567313423,2.15810656179997,26,0.45,1
1,0.938163651961925,1,18,1,0.0618363480380748,0.114359279421328,2.15760927437316,27,0.45,1
1,0.938163612266453,1,18,1,0.0618363877335468,0.114349577417472,2.15759957293955,28,0.45,1
1,0.93813174892435,1,18,1,0.0618682510756502,0.11582626737129,2.15907626247258,29,0.45,1
1,0.9380873498727,1,18,1,0.0619126501272995,0.118233721520941,2.16148371617948,30,0.45,1
1,0.937877209106457,1,18,1,0.062122790893543,0.127613066696059,2.17086305893218,31,0.45,1
1,0.937780089977397,1,18,1,0.062219910022603,0.131694582351577,2.17494457314785,32,0.45,1
1,0.937611881616339,1,18,1,0.0623881183836605,0.13799139312691,2.18124138052502,33,0.45,1
1,0.914269668598729,1,18,1,0.085730331401271,0.195791445116399,2.05329140081687,2,0.5,1
1,0.920618572236601,1,18,1,0.0793814277633991,0.164469639249437,2.02196961035725,3,0.5,1
1,0.925320934559628,1,18,1,0.0746790654403718,0.150644706952159,2.00814468639976,4,0.5,1
1,0.930219676078202,1,18,1,0.0697803239217977,0.13761071669964,1.99511070272138,5,0.5,1
1,0.940829497928585,1,18,1,0.0591705020714151,0.111221109847712,1.96872110505296,6,0.5,1
1,0.943176969569043,1,18,1,0.0568230304309575,0.110237841756958,1.96773783758488,7,0.5,1
1,0.944256264485218,1,33,1,0.0557437355147824,0.110648909833404,1.96814890619379,8,0.5,1
1,0.944135272048947,1,33,1,0.055864727951053,0.116654828300366,1.97415482446985,9,0.5,1
1,0.943981515951212,1,33,1,0.056018484048788,0.124317596732655,1.98181759229556,10,0.5,1
1,0.943953364682874,1,33,1,0.0560466353171261,0.125998517560991,1.98349851302197,11,0.5,1
1,0.943893403343537,1,33,1,0.0561065966564628,0.129577217804203,1.98707721302384,12,0.5,1
1,0.943555451209925,1.00602705123318,33,13,0.0564445487900754,0.14586476640136,2.00336475896933,13,0.5,1
1,0.94338227248208,1.00960099719297,33,14,0.0566177275179198,0.152758641453767,2.01025863132941,14,0.5,1
1,0.943192287654628,1.01438947440532,33,15,0.0568077123453723,0.161552988436665,2.01905297421746,15,0.5,1
1,0.942955072929162,1.02071484022812,33,16,0.0570449270708381,0.173286883032916,2.03078686069745,16,0.5,1
1,0.942386930989632,1.03088025853854,33,17,0.0576130690103684,0.195730459289877,2.05323045928992,17,0.5,1
1,0.942125087233288,1.03722588329927,33,18,0.0578749127667119,0.208447216718825,2.06594721671905,18,0.5,1
1,0.91426763531557,1,18,1,0.0857323646844302,0.19795937705115,2.05545933271566,19,0.5,1
1,0.91424700743404,1.01301626685204,18,20,0.0857529925659599,0.220360793099502,2.07786074838054,20,0.5,1
1,0.914240228072419,1.01683355968151,18,21,0.0857597719275814,0.22708264624348,2.08458260136695,21,0.5,1
1,0.914226683955973,1.02380260759408,18,22,0.0857733160440269,0.239869180477089,2.09736913508266,22,0.5,1
1,0.92061957860634,1,18,1,0.0793804213936595,0.164282486319448,2.02178245746921,23,0.5,1
1,0.92060996046361,1,18,1,0.07939003953639,0.166028972294614,2.0235289433225,24,0.5,1
1,0.920551431836443,1.00245578023768,18,25,0.0794485681635572,0.176684202637934,2.03418417280119,25,0.5,1
1,0.940834490497451,1,18,1,0.0591655095025492,0.110969714271707,1.96846970985945,26,0.5,1
1,0.940832643190091,1,18,1,0.0591673568099089,0.111095172704788,1.9685951686634,27,0.5,1
1,0.940777869468507,1,18,1,0.0592221305314928,0.113623530369583,1.97112352659502,28,0.5,1
1,0.940702055553384,1,18,1,0.0592979444466157,0.117146337434229,1.97464633310148,29,0.5,1
1,0.940632377294933,1,18,1,0.0593676227050672,0.120926440908802,1.97842643608936,30,0.5,1
1,0.940353241682956,1,18,1,0.0596467583170438,0.133377922150749,1.99087791451348,31,0.5,1
1,0.940230744547403,1,18,1,0.0597692554525971,0.138520469431708,1.99602046006902,32,0.5,1
1,0.940026587762554,1,18,1,0.0599734122374463,0.146148546710972,2.00364853319485,33,0.5,1
1,0.914387413660251,1,18,1,0.0856125863397491,0.195323784742138,1.86707374075951,2,0.55,1
1,0.921364234810792,1,18,1,0.0786357651892082,0.162124531867859,1.83387450437522,3,0.55,1
1,0.926525110546477,1,18,1,0.0734748894535229,0.147884873903497,1.8196348549921,4,0.55,1
1,0.931895558403147,1,18,1,0.068104441596853,0.134586579177643,1.80633656679106,5,0.55,1
1,0.943499817542595,1,18,1,0.0565001824574045,0.107931153672062,1.77968114981041,6,0.55,1
1,0.946049263120319,1,18,1,0.0539507368796812,0.107410025556123,1.77916002213379,7,0.55,1
1,0.946867971181856,1,33,1,0.0531320288181445,0.109656904218434,1.78140690117459,8,0.55,1
1,0.94668471175002,1,33,1,0.0533152882499796,0.118755549804789,1.79050554636689,9,0.55,1
1,0.946467716619453,1,33,1,0.0535322833805475,0.129572624560358,1.8013226202541,10,0.55,1
1,0.946429778649174,1,33,1,0.0535702213508262,0.131841097421694,1.80359109296205,11,0.55,1
1,0.946350921640345,1.00190353754059,33,12,0.0536490783596555,0.13655474640249,1.80830474158,12,0.55,1
1,0.945917813388889,1.0136286011028,33,13,0.0540821866111111,0.157424400923939,1.82917439159468,13,0.55,1
1,0.94570025353131,1.01763900495119,33,14,0.0542997464686903,0.16606965972892,1.83781964506608,14,0.55,1
1,0.9454688858202,1.0229022419854,33,15,0.0545311141798004,0.176775740027541,1.84852571641102,15,0.55,1
1,0.945183812478766,1.02981754644367,33,16,0.0548161875212344,0.190883228271988,1.86263318549038,16,0.55,1
1,0.944505596841815,1.04081268065271,33,17,0.0554944031581845,0.217625901118587,1.88937590111834,17,0.55,1
1,0.944197300766542,1.04766142253847,33,18,0.0558026992334577,0.232607506416626,1.90435750641655,18,0.55,1
1,0.914384812573582,1,18,1,0.0856151874264183,0.198097144951406,1.86984710092304,19,0.55,1
1,0.914359031919416,1.01496538005407,18,20,0.0856409680805836,0.226094745723177,1.89784470120941,20,0.55,1
1,0.914350716260157,1.01920237503192,18,21,0.0856492837398434,0.234337470409653,1.90608742567917,21,0.55,1
1,0.914334328934392,1.02685768170584,18,22,0.0856656710656083,0.249801029154937,1.92155098356722,22,0.55,1
1,0.921359454062405,1,18,1,0.0786405459375948,0.163029398567555,1.8347793710376,23,0.55,1
1,0.921336930053649,1,18,1,0.0786630699463507,0.167119522020412,1.83886949419588,24,0.55,1
1,0.921261573120493,1.00561946347467,18,25,0.0787384268795071,0.180838770785195,1.85258874185422,25,0.55,1
1,0.94349557253094,1,18,1,0.0565044274690604,0.108180783191533,1.77993077964402,26,0.55,1
1,0.943480077320799,1,18,1,0.0565199226792014,0.109046556093593,1.78079655283454,27,0.55,1
1,0.943361402008656,1,18,1,0.0566385979913435,0.114537438654865,1.78628743541282,28,0.55,1
1,0.943235204840314,1,18,1,0.0567647951596857,0.120405468888571,1.79215546496096,29,0.55,1
1,0.943137181352276,1,18,1,0.0568628186477244,0.125727354093495,1.79747734961978,30,0.55,1
1,0.942782205433925,1,18,1,0.0572177945660749,0.141552994240331,1.81330298639551,31,0.55,1
1,0.942632171410182,1,18,1,0.0573678285898183,0.14784518317798,1.81959517313373,32,0.55,1
1,0.942389464119438,1.0027720031869,18,33,0.0576105358805615,0.156897554173326,1.82864753864635,33,0.55,1
1,0.914505127243166,1,18,1,0.0854948727568335,0.194896185372881,1.68089614170526,2,0.6,1
1,0.922108622441916,1,18,1,0.0778913775580844,0.160043167032846,1.64604314087057,3,0.6,1
1,0.927725960451084,1,18,1,0.0722740395489156,0.145556946579265,1.631556929174,4,0.6,1
1,0.933564994463995,1,18,1,0.0664350055360049,0.132170802925331,1.61817079194321,5,0.6,1
1,0.94615264203983,1,18,1,0.0538473579601702,0.10563709272705,1.59163708960477,6,0.6,1
1,0.948898744025619,1,18,1,0.0511012559743812,0.105666750842098,1.59166674800616,7,0.6,1
1,0.94945422435277,1,33,1,0.0505457756472304,0.110025629970019,1.59602562737973,8,0.6,1
1,0.949201380316993,1,33,1,0.0507986196830071,0.12258232042364,1.60858231724035,9,0.6,1
1,0.948914555729969,1.00271320105031,33,10,0.051085444270031,0.136884384833027,1.62288438040378,10,0.6,1
1,0.948865936490342,1.00452789176569,33,11,0.0511340635096579,0.139796172179599,1.62579616750577,11,0.6,1
1,0.948766556198347,1.00807569874242,33,12,0.0512334438016525,0.145746428513803,1.63174642324549,12,0.6,1
1,0.948230515935022,1.02109438060752,33,13,0.0517694840649785,0.171571844983856,1.65757183104631,13,0.6,1
1,0.947965118447241,1.02552175331813,33,14,0.0520348815527587,0.182100395218719,1.66810036977921,14,0.6,1
1,0.94768967641017,1.031240990419,33,15,0.0523103235898303,0.194841660802003,1.68084161502946,15,0.6,1
1,0.947353983615169,1.03872358238284,33,16,0.0526460163848314,0.211461330028993,1.69746133002889,16,0.6,1
1,0.946559110826495,1.05049984500341,33,17,0.0534408891735049,0.242750983853886,1.7287509838539,17,0.6,1
1,0.94620214211041,1.05782864023546,33,18,0.057828640235464,0.260107828505067,1.74610782850493,18,0.6,1
1,0.914501892731764,1.00006982018895,18,19,0.0854981072682357,0.198344951662233,1.68434490793828,19,0.6,1
1,0.914470426863571,1.01690417037471,18,20,0.0855295731364286,0.232517151528059,1.71851710720091,20,0.6,1
1,0.914460433448364,1.02155545980231,18,21,0.0855395665516356,0.242420073302179,1.72842002867185,21,0.6,1
1,0.914440962638935,1.02988492173413,18,22,0.0855590373610647,0.260784935867554,1.7467848897877,22,0.6,1
1,0.922097034191576,1,18,1,0.0779029658084243,0.16223274498164,1.64823271869494,23,0.6,1
1,0.922059609874772,1,18,1,0.0779403901252281,0.169028775416998,1.65502874864586,24,0.6,1
1,0.921965679233365,1.00875872744677,18,25,0.0780343207666352,0.186130002267255,1.67212997410445,25,0.6,1
1,0.946137628802951,1,18,1,0.0538623711970491,0.10647091302927,1.59247091016056,26,0.6,1
1,0.94610640022225,1,18,1,0.0538935997777502,0.108190357130951,1.59419035448025,27,0.6,1
1,0.945915052885422,1,18,1,0.0540849471145778,0.117049686628027,1.60304968378114,28,0.6,1
1,0.94573238681219,1,18,1,0.05426761318781,0.125545842785702,1.61154583911241,29,0.6,1
1,0.945603154709106,1,18,1,0.0543968452908935,0.132568081861342,1.61856807754134,30,0.6,1
1,0.945165935071616,1.00317398171517,18,31,0.0548340649283838,0.152049969533978,1.63804996088714,31,0.6,1
1,0.944986346420157,1.0061231988691,18,32,0.0550136535798428,0.159574400848176,1.64557438909839,32,0.6,1
1,0.94470264095781,1.00969741677053,18,33,0.0552973590421902,0.170138287014704,1.65613826720858,33,0.6,1
1,0.914622809370351,1,18,1,0.0853771906296494,0.19450862113678,1.49475857778128,2,0.65,1
1,0.922851741081509,1,18,1,0.077148258918491,0.158224433216628,1.4584744083183,3,0.65,1
1,0.928923509383823,1,18,1,0.0710764906161773,0.143657958601373,1.44390794257788,4,0.65,1
1,0.935228052107087,1,18,1,0.064771947892913,0.130357524986542,1.43060751524303,5,0.65,1
1,0.948788274233987,1,18,1,0.0512117257660133,0.104323326213039,1.40457332367731,6,0.65,1
1,0.951725853793167,1,18,1,0.0482741462068335,0.104989677945719,1.40523967556931,7,0.65,1
1,0.952015614900494,1,33,1,0.0479843850995055,0.111726297202858,1.41197629495537,8,0.65,1
1,0.951686222067128,1,33,1,0.0483137779328723,0.128089135793371,1.42833913272653,9,0.65,1
1,0.951323365622439,1.00825631379563,33,10,0.0486766343775612,0.146187837392934,1.44643783243737,10,0.65,1
1,0.951263236505588,1.01025871244962,33,11,0.0487367634944124,0.149795016765191,1.45004501138544,11,0.65,1
1,0.951141830290965,1.01415830732292,33,12,0.0488581697090351,0.157076525138755,1.45732651869167,12,0.65,1
1,0.95049564139693,1.02843041910405,33,13,0.04950435860307,0.188204452527804,1.48845442826769,13,0.65,1
1,0.950179176327633,1.03325649340717,33,14,0.0498208236723665,0.200739033308418,1.50098903330843,14,0.65,1
1,0.949857174591416,1.03941421386868,33,15,0.0501428254085841,0.215629384852758,1.51587938485278,15,0.65,1
1,0.94946834228329,1.04744303191219,33,16,0.05053165771671,0.234888263136498,1.53513826313628,16,0.65,1
1,0.948550642180445,1.05995519038511,33,17,0.059955190385115,0.270956906764191,1.57120690676436,17,0.65,1
1,0.948142967897052,1.06774270992867,33,18,0.0677427099286665,0.290790372843002,1.59104037284294,18,0.65,1
1,0.91461887597283,1.00036547548705,18,19,0.0853811240271696,0.198702602562711,1.4989525591389,19,0.65,1
1,0.914581199263959,1.01883276897357,18,20,0.0854188007360414,0.23962044488335,1.53987040072025,20,0.65,1
1,0.914569389850585,1.02389305631971,18,21,0.0854306101494147,0.251319598530214,1.55156955393608,21,0.65,1
1,0.914546601716442,1.03288487732828,18,22,0.0854533982835585,0.272803731785919,1.57305368472578,22,0.65,1
1,0.922832336833681,1,18,1,0.0771676631663188,0.161889216799363,1.4621391916836,23,0.65,1
1,0.922778057987458,1.00214434694121,18,24,0.0772219420125416,0.171746142799074,1.47199611699079,24,0.65,1
1,0.922663861982852,1.01187405659911,18,25,0.077336138017148,0.192537555860719,1.49278752831634,25,0.65,1
1,0.948761013487255,1,18,1,0.0512389865127452,0.105821817338091,1.40607181500343,26,0.65,1
1,0.948712042533732,1,18,1,0.0512879574662679,0.108504277046359,1.40875427486776,27,0.65,1
1,0.948439626286639,1,18,1,0.0515603737133609,0.121120555810281,1.42137055323929,28,0.65,1
1,0.948194726732993,1,18,1,0.0518052732670067,0.132512767744405,1.43276276414497,29,0.65,1
1,0.948031608080429,1.00002452170933,18,30,0.0519683919195711,0.141384246849933,1.44163424240247,30,0.65,1
1,0.947506141451316,1.0095048999668,18,31,0.052493858548684,0.164786481959295,1.46503647130231,31,0.65,1
1,0.947295106895239,1.01269841216617,18,32,0.0527048931047611,0.173620404172548,1.47387038856579,32,0.65,1
1,0.946968093050961,1.01650071711027,18,33,0.0530319069490393,0.18577792971507,1.48602790091729,33,0.65,1
1,0.91474046006465,1,18,1,0.0852595399353495,0.194161066191268,1.30866102314542,2,0.7,1
1,0.923593596635412,1,18,1,0.0764064033645879,0.156667227076907,1.27116720338023,3,0.7,1
1,0.930117782143284,1,18,1,0.0698822178567162,0.142184979117056,1.25668496436163,4,0.7,1
1,0.936884798004546,1,18,1,0.0631152019954537,0.129140980743249,1.24364097209195,5,0.7,1
1,0.951407008284598,1,18,1,0.0485929917154021,0.103974688746719,1.21847468667539,6,0.7,1
1,0.954531019616824,1,18,1,0.0454689803831758,0.105361050254263,1.21986104823719,7,0.7,1
1,0.954552710720149,1,33,1,0.0454472892798508,0.114731223533643,1.22923122153765,8,0.7,1
1,0.954140135178368,1.00323196714889,33,9,0.0458598648216315,0.135232223308088,1.24973222018866,9,0.7,1
1,0.953695401423426,1.01372516186956,33,10,0.0463045985765735,0.157421694312274,1.27192168810495,10,0.7,1
1,0.953622993951094,1.0159111828935,33,11,0.0463770060489065,0.161772968941399,1.27627296194959,11,0.7,1
1,0.953478172695779,1.02015466137389,33,12,0.0465218273042207,0.170473974062181,1.28497396504116,12,0.7,1
1,0.952715120827299,1.03564230415747,33,13,0.0472848791727007,0.207227028745946,1.32172698291981,13,0.7,1
1,0.95234456146879,1.04084991910225,33,14,0.0476554385312099,0.221882348822346,1.33638234882227,14,0.7,1
1,0.951973697581255,1.04742972699455,33,15,0.0480263024187452,0.239027324183185,1.35352732418312,15,0.7,1
1,0.951529407647937,1.05598511247425,33,16,0.0559851124742545,0.261042347796866,1.37554234779714,16,0.7,1
1,0.95048306687519,1.06919090764632,33,17,0.0691909076463209,0.302108683533416,1.41660868353313,17,0.7,1
1,0.950022812919219,1.07741734743286,33,18,0.077417347432859,0.324512512321362,1.43901251232052,18,0.7,1
1,0.914735762478885,1.00066090137703,18,19,0.0852642375211146,0.199169903677582,1.31366986055099,19,0.7,1
1,0.914691355968428,1.02075130416689,18,20,0.0853086440315718,0.247397222214059,1.36189717818922,20,0.7,1
1,0.914677595413372,1.02621540049633,18,21,0.0853224045866278,0.261025474074973,1.37552542942245,21,0.7,1
1,0.91465126224325,1.03585807914532,18,22,0.08534873775675,0.285840837895363,1.40034078908144,22,0.7,1
1,0.923565379596675,1,18,1,0.0764346204033248,0.161995547678677,1.2764955236662,23,0.7,1
1,0.923492331091184,1.00432446169145,18,24,0.0765076689088163,0.175261282259242,1.28976125732692,24,0.7,1
1,0.92335622951792,1.01496591932748,18,25,0.0766437704820799,0.20004175635907,1.31454172926027,25,0.7,1
1,0.951366069870473,1,18,1,0.048633930129527,0.106215759949421,1.2207157580329,26,0.7,1
1,0.951297420381709,1,18,1,0.0487025796182913,0.109966754767056,1.22446675295294,27,0.7,1
1,0.950935890041675,1,18,1,0.049064109958325,0.126712105704626,1.24121210329037,28,0.7,1
1,0.950623289927186,1.00093515167533,18,29,0.049376710072814,0.141254447915801,1.25575444411851,29,0.7,1
1,0.950423776822841,1.00543822145886,18,30,0.0495762231771588,0.152115152803902,1.26661514772678,30,0.7,1
1,0.949804422946474,1.01573803570401,18,31,0.0501955770535258,0.179685568078503,1.29418555292432,31,0.7,1
1,0.94956016480502,1.01916707837162,18,32,0.0504398351949801,0.1899014523182,1.30440142844748,32,0.7,1
1,0.949187655029514,1.02318695500844,18,33,0.0508123449704864,0.203730259632862,1.31823021249602,33,0.7,1
1,0.914858079348885,1,18,1,0.0851419206511151,0.19385349472302,1.12260345198507,2,0.75,1
1,0.924334194964256,1,18,1,0.0756658050357442,0.155370453372295,1.08412043081728,3,0.75,1
1,0.931308803221634,1,18,1,0.0686911967783657,0.141135112203143,1.06988509861139,4,0.75,1
1,0.938535297682387,1,18,1,0.0614647023176128,0.128515501610322,1.05726549392159,5,0.75,1
1,0.954009130038106,1,18,1,0.0459908699618937,0.104576433456725,1.03332643175179,6,0.75,1
1,0.957270570480729,1,33,1,0.0427294295192709,0.106763668629507,1.03551366689032,7,0.75,1
1,0.957066057930768,1,33,1,0.0429339420692322,0.119013775257853,1.04776377343256,8,0.75,1
1,0.956563974778602,1.00767482392658,33,9,0.0434360252213982,0.143969893391442,1.07271988997553,9,0.75,1
1,0.956031847159567,1.01912223338227,33,10,0.0439681528404333,0.170528123866221,1.09927811507731,10,0.75,1
1,0.955946447775917,1.02148799460629,33,11,0.0440535522240832,0.175669100903098,1.10441909062217,11,0.75,1
1,0.955776925696754,1.02606785827321,33,12,0.0442230743032457,0.185871995176731,1.11462198097655,12,0.75,1
1,0.954890746845817,1.04273522148368,33,13,0.0451092531541835,0.228551089381641,1.15730108938124,13,0.75,1
1,0.954463246541597,1.04830821716933,33,14,0.0483082171693254,0.245434816704068,1.17418481670427,14,0.75,1
1,0.954041377809966,1.0552947220505,33,15,0.0552947220505029,0.264932602812006,1.1936826028122,15,0.75,1
1,0.953539493576866,1.06435828353936,33,16,0.0643582835393572,0.289811873944388,1.218561873944,16,0.75,1
1,0.95235900339142,1.07821809412272,33,17,0.0782180941227182,0.336083458578939,1.26483345857793,17,0.75,1
1,0.951844430600107,1.08686499696678,33,18,0.0868649969667803,0.361144895400153,1.28989489539663,18,0.75,1
1,0.914852552431432,1.00095609831212,18,19,0.0851474475685675,0.199746661674241,1.12849661884155,19,0.75,1
1,0.914800903679649,1.02265990151262,18,20,0.0851990963203514,0.255840237207467,1.18459019328725,20,0.75,1
1,0.914785059825868,1.02852272206313,18,21,0.0852149401741321,0.271527402078146,1.20027735723255,21,0.75,1
1,0.914754959751614,1.03880503974477,18,22,0.085245040248386,0.299880237717623,1.22863018596462,22,0.75,1
1,0.924296179860815,1,18,1,0.0757038201391849,0.162548512937459,1.09129848996389,23,0.75,1
1,0.924202484568762,1.00649311975048,18,24,0.0757975154312376,0.179564091602646,1.10831406746001,24,0.75,1
1,0.924042886494565,1.01803476871171,18,25,0.0759571135054345,0.208623564389072,1.13737353752498,25,0.75,1
1,0.953953130813268,1,18,1,0.0460468691867318,0.107635531965659,1.03638553037541,26,0.75,1
1,0.953862936053254,1,18,1,0.0461370639467462,0.112556933059323,1.04130693152314,27,0.75,1
1,0.953404577877944,1.00019520277119,18,28,0.0465954221220563,0.133788064099879,1.06253806169832,28,0.75,1
1,0.9530190861506,1.00580461533193,18,29,0.0469809138494003,0.151721772708803,1.08047176823902,29,0.75,1
1,0.952780826858835,1.01078205488883,18,30,0.0472191731411653,0.164703496270279,1.09345348960488,30,0.75,1
1,0.95206227551454,1.02187707942619,18,31,0.0479377244854595,0.196675185201167,1.12542516067066,31,0.75,1
1,0.951783118387451,1.02553335039752,18,32,0.0482168816125487,0.208341229817328,1.13709118917598,32,0.75,1
1,0.951363032766204,1.02976082654651,18,33,0.0486369672337957,0.223915015675494,1.15266501567561,33,0.75,1
1,0.914975667245848,1,18,1,0.0850243327541517,0.193585880947882,0.936585838515214,2,0.8,1
1,0.925073541883939,1,18,1,0.0749264581160609,0.154333024878854,0.897333003408676,3,0.8,1
1,0.932496596809852,1,18,1,0.0675034031901485,0.14050549628316,0.883505483758995,4,0.8,1
1,0.940179615547755,1,18,1,0.0598203844522452,0.128475512799512,0.871475505958585,5,0.8,1
1,0.956594917351888,1,18,1,0.0434050826481125,0.106114215916493,0.849114214498741,6,0.8,1
1,0.959812661239415,1,33,1,0.0401873387605849,0.109180867257985,0.85218086572894,7,0.8,1
1,0.959556182023208,1,33,1,0.0404438179767923,0.124548312497316,0.867548310764903,8,0.8,1
1,0.958958555773856,1.01206955043627,33,9,0.0410414442261441,0.154262403321352,0.897262399219585,9,0.8,1
1,0.958333821262058,1.02444987788976,33,10,0.0416661787379421,0.185452484003518,0.928452470246555,10,0.8,1
1,0.958234766671245,1.02699168567521,33,11,0.0417652333287548,0.191425924382558,0.934425907801995,11,0.8,1
1,0.95803935223595,1.0319008113578,33,12,0.04196064776405,0.20320773780205,0.946207713773504,12,0.8,1
1,0.957024193008745,1.04971400595224,33,13,0.049714005952239,0.252094234601169,0.995094234601481,13,0.8,1
1,0.956537061825254,1.05563712347714,33,14,0.0556371234771442,0.271307835268352,1.01430783526837,14,0.8,1
1,0.956062187153479,1.06301584456008,33,15,0.063015844560075,0.293250144903605,1.03625014490376,15,0.8,1
1,0.955500730172006,1.07257032879267,33,16,0.072570328792672,0.321094007728449,1.06409400772804,16,0.8,1
1,0.95418084300728,1.08704688426384,33,17,0.087046884263841,0.372769081670262,1.11576908166654,17,0.8,1
1,0.953610327063012,1.09609698769359,33,18,0.0960969876935942,0.400569840428523,1.14356984041848,18,0.8,1
1,0.914969246011372,1.00125106674403,18,19,0.0850307539886278,0.200432683859756,0.943432641317941,19,0.8,1
1,0.914909848959364,1.02455868389229,18,20,0.0850901510406363,0.264942396201608,1.00794235234446,20,0.8,1
1,0.914891792528957,1.03081524479253,18,21,0.0851082074710432,0.282815349101281,1.02581530386601,21,0.8,1
1,0.914857709254548,1.04172625443002,18,22,0.0851422907454515,0.314906451658177,1.05790639520023,22,0.8,1
1,0.925024754782756,1,18,1,0.0749752452172435,0.16354492881059,0.906544906814304,23,0.8,1
1,0.924908572528852,1.00865047885295,18,24,0.0750914274711483,0.184644700617221,0.927644677178989,24,0.8,1
1,0.9247239342321,1.02108104320657,18,25,0.0752760657678996,0.218264547970601,0.961264521068586,25,0.8,1
1,0.956522519186756,1,18,1,0.0434774808132441,0.110064429978764,0.853064428639527,26,0.8,1
1,0.956408978629907,1,18,1,0.0435910213700926,0.11625462664745,0.859254625315771,27,0.8,1
1,0.95584639150051,1.004255356586,18,28,0.0441536084994899,0.142313725955451,0.885313723358934,28,0.8,1
1,0.95538307355972,1.01061659826913,18,29,0.0446169264402801,0.163868125831845,0.906868119827209,29,0.8,1
1,0.955103860015356,1.01605829761181,18,30,0.0448961399846441,0.179095106811174,0.922095096762234,30,0.8,1
1,0.954281101634173,1.02792548955466,18,31,0.0457188983658272,0.215687783706413,0.958687740794062,31,0.8,1
1,0.953965460671304,1.0318011075246,18,32,0.0460345393286962,0.228868356038676,0.971868356038215,32,0.8,1
1,0.95349582213372,1.03622671823359,18,33,0.0465041778662796,0.246257340477137,0.989257340477252,33,0.8,1
1,0.893963309797802,1,18,1,0.106036690202198,0.300376165757191,4.57262616575719,2,0.05,1.2
1,0.894622642950827,1,18,1,0.105377357049173,0.295163038804891,4.56741303880477,3,0.05,1.2
1,0.895117950312232,1,18,1,0.104882049687768,0.292372206728591,4.56462220672847,4,0.05,1.2
1,0.895640808376943,1,18,1,0.104359191623057,0.289570166519833,4.56182016652008,5,0.05,1.2
1,0.896807771827973,1,18,1,0.103192228172027,0.283456775022041,4.55570677502209,6,0.05,1.2
1,0.897085431139093,1,18,1,0.102914568860907,0.282640718063188,4.55489071806312,7,0.05,1.2
1,0.898052999256588,1,18,1,0.101947000743412,0.280500834694463,4.55275083469445,8,0.05,1.2
1,0.899465520810401,1,18,1,0.100534479189599,0.278067320154224,4.55031732015442,9,0.05,1.2
1,0.900907389089386,1,18,1,0.0990926109106145,0.275820372617405,4.5480703726173,10,0.05,1.2
1,0.901175457795953,1,18,1,0.0988245422040473,0.275452178226875,4.54770217822698,11,0.05,1.2
1,0.901263137689048,1,33,1,0.0987368623109517,0.274814865410973,4.54706486541113,12,0.05,1.2
1,0.901310008625763,1,33,1,0.0986899913742371,0.272569291471158,4.54481929147107,13,0.05,1.2
1,0.901327909467677,1,33,1,0.0986720905323227,0.271839866313362,4.54408986631336,14,0.05,1.2
1,0.90133821490566,1,33,1,0.0986617850943395,0.271363157454433,4.54361315745416,15,0.05,1.2
1,0.901346605551559,1,33,1,0.0986533944484409,0.270953344053249,4.54320334405338,16,0.05,1.2
1,0.901356656579152,1,33,1,0.0986433434208476,0.270545721439957,4.54279572144003,17,0.05,1.2
1,0.901357457402289,1,33,1,0.0986425425977113,0.270507328728722,4.54275732872873,18,0.05,1.2
1,0.893963436859132,1,18,1,0.106036563140868,0.300243853210481,4.57249385321063,19,0.05,1.2
1,0.893964219815081,1,18,1,0.106035780184919,0.299413642486081,4.57166364248593,20,0.05,1.2
1,0.893964344118216,1,18,1,0.106035655881784,0.299292900686394,4.57154290068644,21,0.05,1.2
1,0.893964371927545,1,18,1,0.106035628072455,0.299267130221156,4.57151713022085,22,0.05,1.2
1,0.894629156629695,1,18,1,0.105370843370305,0.293958960726443,4.5662089607265,23,0.05,1.2
1,0.894641355461637,1,18,1,0.105358644538363,0.29178526217817,4.56403526217827,24,0.05,1.2
1,0.894646878252654,1,18,1,0.105353121747346,0.290798787996751,4.56304878799699,25,0.05,1.2
1,0.896820287287752,1,18,1,0.103179712712248,0.282793071992239,4.5550430719922,26,0.05,1.2
1,0.896836690795923,1,18,1,0.103163309204077,0.28192341163668,4.55417341163695,27,0.05,1.2
1,0.896903999421917,1,18,1,0.103096000578083,0.278812186792592,4.55106218679248,28,0.05,1.2
1,0.896951461419771,1,18,1,0.103048538580229,0.276610540633267,4.5488605406328,29,0.05,1.2
1,0.896972419642733,1,18,1,0.103027580357267,0.275500717101912,4.54775071710174,30,0.05,1.2
1,0.89700418565519,1,18,1,0.10299581434481,0.274080876187403,4.5463308761876,31,0.05,1.2
1,0.897010312029812,1,18,1,0.102989687970188,0.273821033064216,4.54607103306415,32,0.05,1.2
1,0.897009614841251,1,18,1,0.102990385158749,0.273847768303498,4.54609776830353,33,0.05,1.2
1,0.894084360596776,1,18,1,0.105915639403224,0.299338706581439,4.38583870658164,2,0.1,1.2
1,0.895401631092054,1,18,1,0.104598368907946,0.289153629090291,4.37565362909055,3,0.1,1.2
1,0.896389814254215,1,18,1,0.103610185745785,0.28376921319087,4.37026921319045,4,0.1,1.2
1,0.897431625295559,1,18,1,0.102568374704441,0.278388018808789,4.3648880188087,5,0.1,1.2
1,0.899750269647954,1,18,1,0.100249730352046,0.266717919185421,4.35321791918568,6,0.1,1.2
1,0.900297836850277,1,18,1,0.0997021631497227,0.265227606677261,4.35172760667712,7,0.1,1.2
1,0.902215109801377,1,18,1,0.0977848901986228,0.26140428566766,4.34790428566771,8,0.1,1.2
1,0.904218459191709,1,33,1,0.0957815408082909,0.257228463061265,4.34372846306104,9,0.1,1.2
1,0.904294848675814,1,33,1,0.0957051513241856,0.253464622850862,4.3399646228508,10,0.1,1.2
1,0.904305311655128,1,33,1,0.095694688344872,0.252863255739935,4.33936325573995,11,0.1,1.2
1,0.904323043414197,1,33,1,0.0956769565858026,0.25184455752267,4.33834455752276,12,0.1,1.2
1,0.904394902042085,1,33,1,0.0956050979579153,0.248402950582751,4.33490295058277,13,0.1,1.2
1,0.904420827983178,1,33,1,0.0955791720168224,0.247349572284024,4.33384957228384,14,0.1,1.2
1,0.904432664341968,1,33,1,0.0955673356580315,0.246802420937955,4.33330242093803,15,0.1,1.2
1,0.904439375870496,1,33,1,0.0955606241295036,0.24647463844007,4.33297463844013,16,0.1,1.2
1,0.904438232574531,1,33,1,0.0955617674254692,0.246520730695515,4.33302073069569,17,0.1,1.2
1,0.904430548564339,1,33,1,0.0955694514356614,0.246889420803827,4.33338942080411,18,0.1,1.2
1,0.894084545592419,1,18,1,0.105915454407581,0.299146061729018,4.38564606172946,19,0.1,1.2
1,0.894085482225568,1,18,1,0.105914517774432,0.298152938816683,4.38465293881649,20,0.1,1.2
1,0.894085543173007,1,18,1,0.105914456826993,0.298093760550786,4.3845937605505,21,0.1,1.2
1,0.894085261863416,1,18,1,0.105914738136584,0.298354308644061,4.38485430864404,22,0.1,1.2
1,0.895413452979198,1,18,1,0.104586547020802,0.286968110961855,4.37346811096177,23,0.1,1.2
1,0.895435238643366,1,18,1,0.104564761356634,0.283085928726793,4.36958592872685,24,0.1,1.2
1,0.895443696522255,1,18,1,0.104556303477745,0.281575095439632,4.36807509543968,25,0.1,1.2
1,0.899772884424963,1,18,1,0.100227115575037,0.265518527470288,4.35201852747042,26,0.1,1.2
1,0.899802266232896,1,18,1,0.100197733767104,0.263960757211015,4.35046075721118,27,0.1,1.2
1,0.89992109018225,1,18,1,0.10007890981775,0.258468854705055,4.34496885470509,28,0.1,1.2
1,0.900003247482497,1,18,1,0.0999967525175034,0.254658035969495,4.34115803596967,29,0.1,1.2
1,0.900038219978308,1,18,1,0.0999617800216922,0.252803767203902,4.33930376720383,30,0.1,1.2
1,0.900085924623346,1,18,1,0.0999140753766542,0.250673273641575,4.3371732736415,31,0.1,1.2
1,0.900093004557132,1,18,1,0.099906995442868,0.250373464210867,4.33687346421067,32,0.1,1.2
1,0.900085668978963,1,18,1,0.0999143310210374,0.250653906067511,4.33715390606778,33,0.1,1.2
1,0.894205377874361,1,18,1,0.105794622125639,0.298341702504558,4.19909170250435,2,0.15,1.2
1,0.896179196996373,1,18,1,0.103820803003627,0.283424627771766,4.18417462777199,3,0.15,1.2
1,0.897657849128879,1,18,1,0.102342150871121,0.275641565530004,4.1763915655298,4,0.15,1.2
1,0.89921476780879,1,18,1,0.10078523219121,0.267900125742859,4.16865012574277,5,0.15,1.2
1,0.902670194926633,1,18,1,0.0973298050733667,0.251213843747158,4.15196384374724,6,0.15,1.2
1,0.903480169833189,1,18,1,0.0965198301668109,0.249185308373667,4.14993530837336,7,0.15,1.2
1,0.906330005894482,1,18,1,0.0936699941055177,0.244114102366324,4.14486410236634,8,0.15,1.2
1,0.907188643137925,1,33,1,0.0928113568620746,0.238845126210789,4.13959512621091,9,0.15,1.2
1,0.907282126569356,1,33,1,0.0927178734306436,0.234237232863245,4.13498723286324,10,0.15,1.2
1,0.907294482468726,1,33,1,0.0927055175312737,0.233525797839268,4.13427579783956,11,0.15,1.2
1,0.907314780275897,1,33,1,0.0926852197241035,0.232357874646546,4.13310787464667,12,0.15,1.2
1,0.907392105474444,1,33,1,0.0926078945255556,0.228656018380195,4.12940601838017,13,0.15,1.2
1,0.907417339123225,1,33,1,0.0925826608767751,0.227633451536342,4.12838345153631,14,0.15,1.2
1,0.907423087807461,1,33,1,0.0925769121925388,0.227367970776932,4.12811797077694,15,0.15,1.2
1,0.907419505452172,1,33,1,0.0925804945478284,0.22754381120283,4.12829381120304,16,0.15,1.2
1,0.907389029708653,1,33,1,0.0926109702913472,0.228770825389749,4.12952082538965,17,0.15,1.2
1,0.907365170534624,1,33,1,0.0926348294653763,0.229916541011451,4.13066654101186,18,0.15,1.2
1,0.894205551849725,1,18,1,0.105794448150275,0.298160529381254,4.19891052938112,19,0.15,1.2
1,0.894206021802056,1,18,1,0.105793978197944,0.297662380916504,4.19841238091664,20,0.15,1.2
1,0.894205836678119,1,18,1,0.105794163321881,0.297842101975199,4.19859210197558,21,0.15,1.2
1,0.894204920477416,1,18,1,0.105795079522584,0.298690245123185,4.19944024512318,22,0.15,1.2
1,0.896195136636475,1,18,1,0.103804863363525,0.280477614402067,4.18122761440202,23,0.15,1.2
1,0.896223955810877,1,18,1,0.103776044189123,0.27534178266312,4.17609178266332,24,0.15,1.2
1,0.896232853914694,1,18,1,0.103767146085306,0.273752209263282,4.17450220926327,25,0.15,1.2
1,0.902700588049819,1,18,1,0.0972994119501808,0.249601921853872,4.150351921854,26,0.15,1.2
1,0.902739671965857,1,18,1,0.0972603280341433,0.247529958448807,4.14827995844831,27,0.15,1.2
1,0.902895068439969,1,18,1,0.0971049315600314,0.240348200480759,4.14109820048083,28,0.15,1.2
1,0.903000057624275,1,18,1,0.096999942375725,0.23547849278431,4.13622849278426,29,0.15,1.2
1,0.903042696645502,1,18,1,0.0969573033544977,0.233215088685756,4.13396508868573,30,0.15,1.2
1,0.903091993213308,1,18,1,0.0969080067866924,0.231015457322098,4.13176536671642,31,0.15,1.2
1,0.903095378677624,1,18,1,0.096904621322376,0.230872316037433,4.13162222517002,32,0.15,1.2
1,0.903076064869525,1,18,1,0.0969239351304753,0.231608568697512,4.13235847282692,33,0.15,1.2
1,0.894326361655652,1,18,1,0.105673638344348,0.297385127194061,4.01238512719402,2,0.2,1.2
1,0.896955347725989,1,18,1,0.103044652274011,0.277974795039875,3.99297479503986,3,0.2,1.2
1,0.898922086356021,1,18,1,0.101077913643979,0.267985749503756,3.9829857495036,4,0.2,1.2
1,0.900990325746376,1,18,1,0.0990096742536242,0.258099090033118,3.97309909003297,5,0.2,1.2
1,0.905568007533878,1,18,1,0.0944319924661222,0.236921636505496,3.95192163650535,6,0.2,1.2
1,0.906633128883948,1,18,1,0.0933668711160517,0.234485487316721,3.94948548731662,7,0.2,1.2
1,0.909995284665129,1,33,1,0.0900047153348712,0.228582337765506,3.94358233776558,8,0.2,1.2
1,0.910112339965985,1,33,1,0.0898876600340149,0.222830761733606,3.93783076173349,9,0.2,1.2
1,0.910210301657647,1,33,1,0.0897896983423533,0.218000424798828,3.93300042479865,10,0.2,1.2
1,0.910222599097963,1,33,1,0.089777400902037,0.217291474988323,3.93229147498829,11,0.2,1.2
1,0.91024180526835,1,33,1,0.0897581947316497,0.216185574109727,3.93118557410958,12,0.2,1.2
1,0.910307100981827,1,33,1,0.0896928990181731,0.213061783254527,3.92806178325429,13,0.2,1.2
1,0.91032389398651,1,33,1,0.0896761060134895,0.212382655091909,3.92738265509195,14,0.2,1.2
1,0.910316889313878,1,33,1,0.0896831106861216,0.212706383476946,3.92770638347685,15,0.2,1.2
1,0.9102955798637,1,33,1,0.0897044201363004,0.2137503465263,3.92875034652633,16,0.2,1.2
1,0.910220095009743,1,33,1,0.0897799049902569,0.216780149874426,3.93178014987427,17,0.2,1.2
1,0.910173606207121,1,33,1,0.0898263937928795,0.219014264128263,3.93401426412822,18,0.2,1.2
1,0.894326455827928,1,18,1,0.105673544172072,0.297287054281089,4.0122870542811,19,0.2,1.2
1,0.894325847448826,1,18,1,0.105674152551174,0.297932580316263,4.01293258031615,20,0.2,1.2
1,0.894325238283486,1.00069434799495,18,21,0.105674761716514,0.298523768440763,4.01352376844102,21,0.2,1.2
1,0.894323371989514,1.00315463091631,18,22,0.105676628010486,0.300250549469507,4.01525054946973,22,0.2,1.2
1,0.896974229427697,1,18,1,0.103025770572303,0.274483582544119,3.98948358254444,23,0.2,1.2
1,0.897007585643252,1,18,1,0.102992414356748,0.268538877908103,3.98353887790819,24,0.2,1.2
1,0.897014517402104,1,18,1,0.102985482597896,0.267300495802037,3.98230049580206,25,0.2,1.2
1,0.905603948320646,1,18,1,0.0943960516793541,0.235015731438187,3.95001573143816,26,0.2,1.2
1,0.905649598742905,1,18,1,0.0943504012570952,0.232596282205468,3.94759628220584,27,0.2,1.2
1,0.905827413562831,1,18,1,0.0941725864371692,0.224378686604506,3.93937868660458,28,0.2,1.2
1,0.905944192879177,1,18,1,0.0940558071208231,0.218962199997711,3.93396212446532,29,0.2,1.2
1,0.905988677096003,1,18,1,0.0940113229039972,0.216598169573314,3.93159816957336,30,0.2,1.2
1,0.906026497105747,1,18,1,0.0939735028942533,0.214911982549235,3.92991190908589,31,0.2,1.2
1,0.906021991119636,1,18,1,0.093978008880364,0.215102246899836,3.93010217188618,32,0.2,1.2
1,0.90598587116417,1,18,1,0.0940141288358303,0.216475408318236,3.93147532654524,33,0.2,1.2
1,0.894447311965705,1,18,1,0.105552688034295,0.296468954347506,3.82571895434751,2,0.25,1.2
1,0.897730090285598,1,18,1,0.102269909714402,0.272802900649567,3.80205290064936,3,0.25,1.2
1,0.900182556932679,1,18,1,0.0998174430673209,0.260798296046103,3.79004829604582,4,0.25,1.2
1,0.902758387214458,1,18,1,0.0972416127855416,0.248977650974193,3.77822765097449,5,0.25,1.2
1,0.908444151948515,1,18,1,0.0915558480514846,0.223819132255251,3.75306913225501,6,0.25,1.2
1,0.909757385874164,1,18,1,0.0902426141258365,0.221100876053685,3.75035087605369,7,0.25,1.2
1,0.912876109417022,1,33,1,0.087123890582978,0.214763295873152,3.74401329587329,8,0.25,1.2
1,0.912991244642566,1,33,1,0.0870087553574336,0.209104173986297,3.73835417398681,9,0.25,1.2
1,0.91308201827554,1,33,1,0.0869179817244596,0.204626991248257,3.73387699124834,10,0.25,1.2
1,0.913092482096957,1,33,1,0.0869075179030426,0.204023700606524,3.7332737006065,11,0.25,1.2
1,0.91310728459572,1,33,1,0.0868927154042796,0.203172588816469,3.73242258881646,12,0.25,1.2
1,0.91314480105433,1,33,1,0.0868551989456702,0.201381178679236,3.73063117867957,13,0.25,1.2
1,0.913146221953298,1,33,1,0.0868537780467024,0.20132284164121,3.73057284164105,14,0.25,1.2
1,0.913120590768541,1,33,1,0.086879409231459,0.202506305324642,3.73175630532444,15,0.25,1.2
1,0.913075090344865,1,33,1,0.086924909655135,0.204736017986818,3.73398601798669,16,0.25,1.2
1,0.912940893827481,1,33,1,0.0870591061725186,0.210106766753284,3.7393567667533,17,0.25,1.2
1,0.912866292548602,1,33,1,0.0871337074513978,0.213694561922505,3.74294456192246,18,0.25,1.2
1,0.894447257723239,1,18,1,0.105552742276761,0.296525435221781,3.82577543522189,19,0.25,1.2
1,0.894444967863138,1.00166939174616,18,20,0.105555032136862,0.298954367191859,3.82820436719214,20,0.25,1.2
1,0.894443761244164,1.00316986156682,18,21,0.105556238755836,0.300125013660804,3.82937501366087,21,0.25,1.2
1,0.894440639676013,1.00639868764993,18,22,0.105559360323987,0.303011783502027,3.83226178350185,22,0.25,1.2
1,0.897750752875564,1,18,1,0.102249247124436,0.268982180039569,3.79823218003935,23,0.25,1.2
1,0.897786204763539,1,18,1,0.102213795236461,0.26266363186349,3.79191363186379,24,0.25,1.2
1,0.897788847630731,1,18,1,0.102211152369269,0.262191444090114,3.79144144408997,25,0.25,1.2
1,0.908483495432383,1,18,1,0.0915165045676166,0.221733408524909,3.75098340852503,26,0.25,1.2
1,0.908532709511609,1,18,1,0.091467290488391,0.219126366270593,3.74837636627092,27,0.25,1.2
1,0.908719524396109,1,18,1,0.0912804756038913,0.210492788156577,3.739742722708,28,0.25,1.2
1,0.908837781207116,1,18,1,0.0911622187928836,0.205007087916528,3.73425702773574,29,0.25,1.2
1,0.908878775416821,1,18,1,0.0911212245831793,0.202826892668493,3.73207683191282,30,0.25,1.2
1,0.908893184471682,1,18,1,0.0911068155283182,0.2021850758728,3.73143501387233,31,0.25,1.2
1,0.908876979767102,1,18,1,0.091123020232898,0.20286835913987,3.73211829453595,32,0.25,1.2
1,0.908819664910896,1,18,1,0.0911803350891041,0.205041676361127,3.73429160355101,33,0.25,1.2
1,0.89456822882955,1,18,1,0.10543177117045,0.295593157692428,3.63909315769206,2,0.3,1.2
1,0.898503431623041,1,18,1,0.101496568376959,0.267907723816583,3.61140772381674,3,0.3,1.2
1,0.901439291440999,1,18,1,0.098560708559001,0.254075780453742,3.59757578045361,4,0.3,1.2
1,0.904519038641247,1,18,1,0.0954809613587529,0.240528680919726,3.58402868091986,5,0.3,1.2
1,0.911299057967273,1,18,1,0.0887009420327268,0.211884878948951,3.55538487894904,6,0.3,1.2
1,0.912853587174042,1,18,1,0.0871464128259578,0.209005219879334,3.55250521987927,7,0.3,1.2
1,0.915724757578111,1,33,1,0.084275242421889,0.202613386094074,3.54611338609402,8,0.3,1.2
1,0.915826951508853,1,33,1,0.0841730484911472,0.197589056757936,3.54108900868511,9,0.3,1.2
1,0.915899725303496,1,33,1,0.0841002746965036,0.193999182516475,3.5374991386422,10,0.3,1.2
1,0.915906736875595,1,33,1,0.0840932631244048,0.19359635782543,3.53709631431315,11,0.3,1.2
1,0.915914129013302,1,33,1,0.084085870986698,0.193176406107612,3.5366763630293,12,0.3,1.2
1,0.915909630459218,1,33,1,0.0840903695407818,0.193398913855038,3.53689887010745,13,0.3,1.2
1,0.915889441261688,1,33,1,0.084110558738312,0.194208993658071,3.5377089484416,14,0.3,1.2
1,0.915839974898621,1,33,1,0.0841600251013788,0.196491742751505,3.53999169495694,15,0.3,1.2
1,0.915764619759801,1,33,1,0.0842353802401989,0.200186007545027,3.54368600754498,16,0.3,1.2
1,0.915559609407428,1,33,1,0.0844403905925716,0.208368655764992,3.55186865576542,17,0.3,1.2
1,0.915452186486784,1,33,1,0.0845478135132158,0.21353867716444,3.55703867716386,18,0.3,1.2
1,0.894567957731211,1,18,1,0.105432042268789,0.295875471672786,3.63937547167296,19,0.3,1.2
1,0.894563391541899,1.00367719547737,18,20,0.105436608458101,0.300718783315806,3.64421878331569,20,0.3,1.2
1,0.894561418436081,1.00562791775604,18,21,0.105438581563919,0.302632485211288,3.64613248521152,21,0.3,1.2
1,0.894556745919684,1.00961092806233,18,22,0.105443254080316,0.306951410453106,3.650451410453,22,0.3,1.2
1,0.89852472820516,1,18,1,0.10147527179484,0.26396962367905,3.60746962367898,23,0.3,1.2
1,0.898559887813366,1,18,1,0.101440112186634,0.257702812240126,3.60120281223999,24,0.3,1.2
1,0.898555999252445,1,18,1,0.101444000747555,0.258397607032145,3.60189760703207,25,0.3,1.2
1,0.911339740612602,1,18,1,0.0886602593873982,0.209729333410788,3.55322933341114,26,0.3,1.2
1,0.911389644325669,1,18,1,0.0886103556743306,0.207088130898782,3.55058806525619,27,0.3,1.2
1,0.911572710892072,1,18,1,0.0884272891079275,0.19862673960287,3.54212668717793,28,0.3,1.2
1,0.911682820155459,1,18,1,0.0883171798445415,0.193517899952628,3.53701785090607,29,0.3,1.2
1,0.911715401079575,1,18,1,0.0882845989204252,0.191784508331903,3.53528445827266,30,0.3,1.2
1,0.911695468665341,1,18,1,0.0883045313346591,0.192672553628045,3.5361724996767,31,0.3,1.2
1,0.911664096512584,1,18,1,0.0883359034874163,0.193993658166166,3.53749360074943,32,0.3,1.2
1,0.911581576422826,1,18,1,0.0884184235771743,0.197115135022348,3.54061506813792,33,0.3,1.2
1,0.894689112272184,1,18,1,0.105310887727816,0.294757710986294,3.4525077109862,2,0.35,1.2
1,0.899275378629933,1,18,1,0.100724621370067,0.263288053115347,3.42103805311552,3,0.35,1.2
1,0.902692320055911,1,18,1,0.0973076799440886,0.247814821591415,3.40556482159144,4,0.35,1.2
1,0.906272364821153,1,18,1,0.0937276351788467,0.232745181874281,3.39049518187466,5,0.35,1.2
1,0.914133141372343,1,18,1,0.0858668586276571,0.201098105809946,3.35884810581007,6,0.35,1.2
1,0.915922357528924,1,18,1,0.0840776424710759,0.198173214345288,3.35592316157147,7,0.35,1.2
1,0.918542102205768,1,33,1,0.0814578977942323,0.192090980735357,3.34984093560678,8,0.35,1.2
1,0.918620952880585,1,33,1,0.0813790471194151,0.18821362847753,3.34596358918418,9,0.35,1.2
1,0.918665687003275,1,33,1,0.081334312996725,0.18600778305535,3.3437577462351,10,0.35,1.2
1,0.91866776726447,1,33,1,0.0813322327355299,0.185892740931042,3.34364270428523,11,0.35,1.2
1,0.918665013161252,1,33,1,0.0813349868387478,0.186065719421137,3.34381568288677,12,0.35,1.2
1,0.918605582966552,1,33,1,0.0813944170334482,0.188920316901066,3.34667027802794,13,0.35,1.2
1,0.918558137935995,1,33,1,0.0814418620640055,0.190821238732714,3.34857119746772,14,0.35,1.2
1,0.918480188549782,1,33,1,0.0815198114502185,0.194416717089723,3.35216667250194,15,0.35,1.2
1,0.918369992020544,1,33,1,0.0816300079794559,0.199821869959799,3.35757182080698,16,0.35,1.2
1,0.918083373011376,1,33,1,0.0819166269886242,0.211232959410188,3.36898295940983,17,0.35,1.2
1,0.917939042226745,1,33,1,0.0820609577732548,0.218184144194387,3.37593414419416,18,0.35,1.2
1,0.894688556046734,1,18,1,0.105311443953266,0.295336963776568,3.45308696377685,19,0.35,1.2
1,0.894681126788054,1.00567390251439,18,20,0.105318873211946,0.303217075299895,3.46096707529995,20,0.35,1.2
1,0.894678222370982,1.00806880643451,18,21,0.105321777629018,0.306033208997268,3.46378320899703,21,0.35,1.2
1,0.894671712256491,1.01279204650537,18,22,0.105328287743509,0.312047747810285,3.46979774781005,22,0.35,1.2
1,0.899296176349656,1,18,1,0.100703823650344,0.259442181401727,3.41719218140184,23,0.35,1.2
1,0.899328707524081,1,18,1,0.100671292475919,0.253643524495467,3.41139352449574,24,0.35,1.2
1,0.899316121234194,1,18,1,0.100683878765806,0.255892546490915,3.41364254649108,25,0.35,1.2
1,0.914173179951409,1,18,1,0.0858268200485908,0.198978757770284,3.35672870024155,26,0.35,1.2
1,0.914221007666388,1,18,1,0.0857789923336121,0.196450766272351,3.354200713068,27,0.35,1.2
1,0.914388223544779,1,18,1,0.0856117764552214,0.188720161172958,3.34647011860085,28,0.35,1.2
1,0.914481170717273,1,18,1,0.0855188292827275,0.184405640175129,3.34215559939679,29,0.35,1.2
1,0.914500800318242,1,18,1,0.0854991996817578,0.183362608353827,3.34111256623913,30,0.35,1.2
1,0.914436473585196,1,18,1,0.0855635264148042,0.186225949216772,3.34397590110001,31,0.35,1.2
1,0.914386760679342,1,18,1,0.0856132393206581,0.188316809769255,3.34606675745022,32,0.35,1.2
1,0.914275352813316,1,18,1,0.0857246471866844,0.192521373702121,3.35027131073559,33,0.35,1.2
1,0.894809962318577,1,18,1,0.105190037681423,0.293962588016466,3.26596258801629,2,0.4,1.2
1,0.900045938142302,1,18,1,0.0999540618576981,0.258942686378262,3.23094268637846,3,0.4,1.2
1,0.903941672552624,1,18,1,0.0960583274473764,0.24201208111552,3.21401208111524,4,0.4,1.2
1,0.90801844895745,1,18,1,0.09198155104255,0.225620282196932,3.19762028219685,5,0.4,1.2
1,0.916946807050509,1,18,1,0.0830531929494909,0.191438683301276,3.16343863279172,6,0.4,1.2
1,0.918964290627034,1,18,1,0.081035709372966,0.188580501070575,3.16058045789703,7,0.4,1.2
1,0.921328970325129,1,33,1,0.0786710296748715,0.183156329085956,3.15515629237183,8,0.4,1.2
1,0.921374662376937,1,33,1,0.0786253376230631,0.180910205604207,3.15291017289695,9,0.4,1.2
1,0.92138201507477,1,33,1,0.07861798492523,0.180551216454093,3.15255118481133,10,0.4,1.2
1,0.921377809701451,1,33,1,0.0786221902985487,0.180804547507613,3.15280451588734,11,0.4,1.2
1,0.921362414348697,1,33,1,0.0786375856513034,0.181719179311229,3.15371914753769,12,0.4,1.2
1,0.92123629038783,1,33,1,0.0787637096121703,0.187768618801826,3.15976858324319,13,0.4,1.2
1,0.921156452688764,1,33,1,0.0788435473112358,0.190961327552976,3.16296128870363,14,0.4,1.2
1,0.921045849261822,1,33,1,0.0789541507381781,0.196060833593528,3.16806079055397,15,0.4,1.2
1,0.920896380482251,1,33,1,0.0791036195177492,0.203395947287473,3.17539589844642,16,0.4,1.2
1,0.920518443322061,1,33,1,0.0794815566779388,0.218407599230396,3.19040759923013,17,0.4,1.2
1,0.920333624892642,1,33,1,0.0796663751073584,0.227314790315696,3.19931479031595,18,0.4,1.2
1,0.894809052864046,1,18,1,0.105190947135954,0.294909712345418,3.26690971234541,19,0.4,1.2
1,0.894798181716725,1.0076596612598,18,20,0.105201818283275,0.306440688114343,3.27844068811459,20,0.4,1.2
1,0.894794185210623,1.0104928092552,18,21,0.105205814789377,0.310314574503666,3.28231457450386,21,0.4,1.2
1,0.894785559419204,1.01594271114629,18,22,0.105214440580796,0.318279923313231,3.29027992331305,22,0.4,1.2
1,0.900065117955893,1,18,1,0.0999348820441073,0.255396171328803,3.22739617132896,23,0.4,1.2
1,0.900092734784654,1,18,1,0.0999072652153462,0.250473199846063,3.22247319984626,24,0.4,1.2
1,0.900069357147144,1,18,1,0.0999306428528557,0.254650781977809,3.22665078197787,25,0.4,1.2
1,0.916984283163828,1,18,1,0.0830157168361717,0.189457811293398,3.16145776421592,26,0.4,1.2
1,0.917027392000486,1,18,1,0.0829726079995142,0.18718457667152,3.15918453339037,27,0.4,1.2
1,0.917167242098073,1,18,1,0.0828327579019266,0.18071587093925,3.15271583591311,28,0.4,1.2
1,0.917234574384343,1,18,1,0.0827654256156567,0.177586992455934,3.14958695793848,29,0.4,1.2
1,0.917237057957202,1,18,1,0.0827629420427975,0.177460364976437,3.1494603288769,30,0.4,1.2
1,0.917119066900641,1,18,1,0.0828809330993593,0.182708940437966,3.15470889661384,31,0.4,1.2
1,0.91704809885146,1,18,1,0.0829519011485402,0.185690266278366,3.15769021757944,32,0.4,1.2
1,0.916904405901753,1,18,1,0.0830955940982466,0.191101581363629,3.16310152082252,33,0.4,1.2
1,0.894930778993663,1,18,1,0.105069221006337,0.293207762600141,3.07945776259999,2,0.45,1.2
1,0.900815116941202,1,18,1,0.0991848830587985,0.254870430596432,3.04112043059661,3,0.45,1.2
1,0.905187378313947,1,18,1,0.0948126216860529,0.23666426271543,3.02291426271523,4,0.45,1.2
1,0.909757372703511,1,18,1,0.0902426272964887,0.219147233412241,3.00539723341217,5,0.45,1.2
1,0.919740439184099,1,18,1,0.0802595608159012,0.182887136605639,2.96913709494419,6,0.45,1.2
1,0.921979967084222,1,18,1,0.0780200329157779,0.18020355192108,2.96645351639796,7,0.45,1.2
1,0.924086159530312,1,33,1,0.0759138404696884,0.17577138529858,2.96202135513226,8,0.45,1.2
1,0.924089410751798,1,33,1,0.0759105892482025,0.175614922181623,2.96186489447848,9,0.45,1.2
1,0.924050673827285,1,33,1,0.0759493261727152,0.177534851558726,2.96378482375957,10,0.45,1.2
1,0.924038940381079,1,33,1,0.0759610596189209,0.178231087964031,2.96448106005698,11,0.45,1.2
1,0.924008623801235,1,33,1,0.0759913761987646,0.18002439885992,2.96627437056827,12,0.45,1.2
1,0.92380505877151,1,33,1,0.07619494122849,0.189782759168413,2.97603272567983,13,0.45,1.2
1,0.923688131066161,1,33,1,0.0763118689338393,0.194449801631761,2.98069976382834,14,0.45,1.2
1,0.92354111015548,1,33,1,0.0764588898445203,0.201225740834749,2.98747569766505,15,0.45,1.2
1,0.923348417457256,1,33,1,0.0766515825427438,0.210686760305102,2.99693670942162,16,0.45,1.2
1,0.922870348170421,1.00461409849994,33,17,0.0771296518295785,0.229634653188617,3.01588465318844,17,0.45,1.2
1,0.922641877516064,1.01039953953032,33,18,0.0773581224839364,0.240652921074213,3.02690292107457,18,0.45,1.2
1,0.894929448376734,1,18,1,0.105070551623266,0.294593518858331,3.08084351885839,19,0.45,1.2
1,0.894914564261099,1.00963461674133,18,20,0.105085435738901,0.310381258869872,3.09663125886971,20,0.45,1.2
1,0.894909318780258,1.01290019997285,18,21,0.105090681219742,0.315464320782377,3.10171432078192,21,0.45,1.2
1,0.894898307378118,1.01906356531572,18,22,0.105101692621882,0.325627833851241,3.11187783385122,22,0.45,1.2
1,0.900831573389803,1,18,1,0.0991684266101973,0.251827960820465,3.03807796082026,23,0.45,1.2
1,0.900852038706486,1,18,1,0.0991479612935141,0.248179583823251,3.03442958382306,24,0.45,1.2
1,0.90081584543713,1,18,1,0.0991841545628701,0.254647742660873,3.04089774266089,25,0.45,1.2
1,0.919773513467355,1,18,1,0.0802264865326447,0.18114338454294,2.96739334592502,26,0.45,1.2
1,0.919809363385193,1,18,1,0.0801906366148071,0.179260984474699,2.96551094913156,27,0.45,1.2
1,0.919910884822689,1,18,1,0.0800891151773107,0.174559636409779,2.96080960722719,28,0.45,1.2
1,0.919944663614403,1,18,1,0.0800553363855973,0.172983824462813,2.95923379476164,29,0.45,1.2
1,0.919926116536547,1,18,1,0.0800738834634532,0.173983793717822,2.9602337622336,30,0.45,1.2
1,0.919745888525792,1,18,1,0.0802541114742076,0.18199600189637,2.96824596121525,31,0.45,1.2
1,0.919650978765683,1,18,1,0.0803490212343174,0.185978672260977,2.97222862604031,32,0.45,1.2
1,0.919471852670228,1,18,1,0.0805281473297724,0.192710665555214,2.97896060617603,33,0.45,1.2
1,0.89505156232235,1,18,1,0.10494843767765,0.292493208584318,2.89299320858419,2,0.5,1.2
1,0.90158292175333,1,18,1,0.0984170782466703,0.251070101821674,2.85157010182161,3,0.5,1.2
1,0.906429466337442,1,18,1,0.0935705336625575,0.231768111372122,2.8322681113724,4,0.5,1.2
1,0.911489216202689,1,18,1,0.088510783797311,0.213319407124213,2.81381940712436,5,0.5,1.2
1,0.92251441815872,1,18,1,0.07748558184128,0.175424552584056,2.77592451816247,6,0.5,1.2
1,0.924969943683266,1,18,1,0.0750300563167342,0.173019676373866,2.7735196469726,7,0.5,1.2
1,0.926814430226758,1,33,1,0.0731855697732421,0.169899745826324,2.77039972078853,8,0.5,1.2
1,0.926766455033172,1,33,1,0.0732335449668282,0.172267424047264,2.77276740018294,9,0.5,1.2
1,0.926673496410781,1,33,1,0.0733265035892193,0.176870345464167,2.7773703205122,10,0.5,1.2
1,0.92665309307119,1,33,1,0.0733469069288103,0.178078546847697,2.7785785216696,11,0.5,1.2
1,0.926605767803077,1,33,1,0.0733942321969233,0.180877043195796,2.78137701741173,12,0.5,1.2
1,0.926314909899253,1,33,1,0.0736850901007469,0.194815489171714,2.79531545659466,13,0.5,1.2
1,0.926156576242657,1,33,1,0.0738434237573434,0.20112358457241,2.80162354629027,14,0.5,1.2
1,0.925969724708379,1,33,1,0.074030275291621,0.209732159507998,2.81023211398235,15,0.5,1.2
1,0.925730262332999,1.00506243158682,33,16,0.0742697376670005,0.221495331923944,2.82199527518657,16,0.5,1.2
1,0.925143997835725,1.01502375911363,33,17,0.0748560021642746,0.244685061708794,2.84518506170883,17,0.5,1.2
1,0.924869053259572,1.02133930478726,33,18,0.0751309467404282,0.257953132832054,2.85845313283232,18,0.5,1.2
1,0.895049742777734,1,18,1,0.104950257222266,0.294388185457873,2.89488818545777,19,0.5,1.2
1,0.895030282178068,1.01159891071786,18,20,0.104969717821932,0.315030610849624,2.91553061084926,20,0.5,1.2
1,0.895023634581449,1.01529124474869,18,21,0.104976365418551,0.321470523131312,2.92197052313128,21,0.5,1.2
1,0.89500997537915,1.02215522876757,18,22,0.10499002462085,0.33407210703067,2.93457210703053,22,0.5,1.2
1,0.901595562741721,1,18,1,0.0984044372582785,0.248733965555541,2.84923396555541,23,0.5,1.2
1,0.901606686685318,1,18,1,0.0983933133146819,0.246750725342108,2.84725072534229,24,0.5,1.2
1,0.90155571967787,1,18,1,0.0984442803221305,0.255859722431633,2.8563597224317,25,0.5,1.2
1,0.922541314972746,1,18,1,0.0774586850272537,0.17401314657257,2.77451311481286,26,0.5,1.2
1,0.922567466777917,1,18,1,0.0774325332220827,0.172652456210084,2.77315242723176,27,0.5,1.2
1,0.922620212901315,1,18,1,0.0773797870986852,0.170199965238386,2.77069994062344,28,0.5,1.2
1,0.922612971148095,1,18,1,0.0773870288519052,0.170522746138656,2.7710227201834,29,0.5,1.2
1,0.922569789541782,1,18,1,0.0774302104582181,0.172845118856928,2.7733450909426,30,0.5,1.2
1,0.922319375144111,1,18,1,0.0776806248558888,0.183971244318047,2.78447120585298,31,0.5,1.2
1,0.922198038310578,1,18,1,0.0778019616894217,0.189057500411456,2.7895574556905,32,0.5,1.2
1,0.921980549637915,1,18,1,0.0780194503620855,0.197215654337765,2.79771559488097,33,0.5,1.2
1,0.895172312329515,1,18,1,0.104827687670485,0.291818899845722,2.70656889984593,2,0.55,1.2
1,0.902349359251625,1,18,1,0.0976506407483753,0.247540525069982,2.66229052507015,3,0.55,1.2
1,0.907667965242408,1,18,1,0.0923320347575918,0.22732041263354,2.64207041263376,4,0.55,1.2
1,0.913214058126895,1,18,1,0.0867859418731048,0.208130292029307,2.62288029202949,5,0.55,1.2
1,0.925269109629065,1,18,1,0.0747308903709353,0.169032601261302,2.58378257276888,6,0.55,1.2
1,0.927934757541612,1,18,1,0.0720652424583877,0.167006968216277,2.58175694373477,7,0.55,1.2
1,0.929514510349152,1,33,1,0.0704854896508476,0.165506541631252,2.58025652063651,8,0.55,1.2
1,0.929406984107463,1,33,1,0.0705930158925365,0.170810603929098,2.58556058302332,9,0.55,1.2
1,0.929252196746357,1,33,1,0.0707478032536435,0.178475073053249,2.593225050162,10,0.55,1.2
1,0.929222072416407,1,33,1,0.0707779275835927,0.180259342430718,2.59500931919263,11,0.55,1.2
1,0.929155823848463,1,33,1,0.0708441761515368,0.184180042983223,2.59893001890163,12,0.55,1.2
1,0.92876861435274,1,33,1,0.0712313856472595,0.202731767552147,2.61748173454663,13,0.55,1.2
1,0.92856489122721,1.0024567754055,33,14,0.0714351087727899,0.210833965095305,2.62558392413041,14,0.55,1.2
1,0.928335098486971,1.00757320218214,33,15,0.0716649015130288,0.221417416559078,2.63616736485545,15,0.55,1.2
1,0.928045668204283,1.01436403603171,33,16,0.0719543317957165,0.235642114445226,2.65039204427467,16,0.55,1.2
1,0.927343776597213,1.02515827477039,33,17,0.0726562234027873,0.263354350171365,2.67810435017168,17,0.55,1.2
1,0.927019821338875,1.0319780032497,33,18,0.0729801786611253,0.278997356415473,2.6937473564152,18,0.55,1.2
1,0.895169936259335,1,18,1,0.104830063740665,0.294293514947075,2.70904351494693,19,0.55,1.2
1,0.89514534305366,1.01355268178116,18,20,0.10485465694634,0.320380747778866,2.73513074777895,20,0.55,1.2
1,0.895137143804267,1.01766620244024,18,21,0.104862856195733,0.32832158042386,2.74307158042376,21,0.55,1.2
1,0.895120581979477,1.02521829885779,18,22,0.104879418020523,0.343594065203125,2.75834406520318,22,0.55,1.2
1,0.902357105831553,1,18,1,0.0976428941684467,0.246110648633197,2.66086064863345,23,0.55,1.2
1,0.902356744460386,1,18,1,0.0976432555396142,0.246174966255888,2.66092496625589,24,0.55,1.2
1,0.902289108808267,1,18,1,0.0977108911917334,0.258263837795542,2.67301383779539,25,0.55,1.2
1,0.925288116953373,1,18,1,0.0747118830466271,0.168045495146317,2.58279546895579,26,0.55,1.2
1,0.925302227116832,1,18,1,0.0746977728831676,0.167332449686069,2.58208242582299,27,0.55,1.2
1,0.92529623441986,1,18,1,0.07470376558014,0.167587914698194,2.58233789368035,28,0.55,1.2
1,0.925240938326119,1,18,1,0.0747590616738807,0.17013471552285,2.58488469249386,29,0.55,1.2
1,0.925169773091448,1,18,1,0.0748302269085518,0.173962212819131,2.58871218766217,30,0.55,1.2
1,0.924841781432844,1,18,1,0.0751582185671564,0.188527410014215,2.60327737294148,31,0.55,1.2
1,0.924691710469241,1,18,1,0.0753082895307593,0.194811878242162,2.60956183406506,32,0.55,1.2
1,0.924433122235218,1,18,1,0.0755668777647823,0.204494330760115,2.61924426979277,33,0.55,1.2
1,0.895293029040002,1,18,1,0.104706970959998,0.291184810290797,2.52018481029097,2,0.6,1.2
1,0.903114436055864,1,18,1,0.0968855639441361,0.244280534226205,2.47328053422621,3,0.6,1.2
1,0.908902903276699,1,18,1,0.0910970967233011,0.223317991906293,2.45231799190634,4,0.6,1.2
1,0.914931975713918,1,18,1,0.085068024286082,0.203573491024566,2.43257349102436,5,0.6,1.2
1,0.92800486804935,1,18,1,0.0719951319506502,0.16369349936288,2.39269347572986,6,0.6,1.2
1,0.930874927064181,1,18,1,0.0691250729358194,0.16214426811505,2.39114424760032,7,0.6,1.2
1,0.93218709726391,1,33,1,0.0678129027360898,0.162558348946887,2.39155833115518,8,0.6,1.2
1,0.932012123771411,1,33,1,0.0679878762285893,0.171190361762487,2.40019034313036,9,0.6,1.2
1,0.931788380095152,1,33,1,0.0682116199048478,0.182271621591427,2.41127160008489,10,0.6,1.2
1,0.931747565683648,1,33,1,0.0682524343163522,0.184691561239354,2.41369153924808,11,0.6,1.2
1,0.931660634812668,1,33,1,0.0683393651873323,0.189842904277324,2.41884288114761,12,0.6,1.2
1,0.931168719785904,1.00636913876815,33,13,0.0688312802140958,0.213407389219794,2.44240735380089,13,0.6,1.2
1,0.930915914594114,1.01051544138755,33,14,0.069084085405886,0.223444889767896,2.45244484220507,14,0.6,1.2
1,0.930640332559817,1.01609365866489,33,15,0.0693596674401826,0.236133376420097,2.46513331098612,15,0.6,1.2
1,0.930298031803848,1.02345728992646,33,16,0.0697019681961524,0.252964455595062,2.481964455595,16,0.6,1.2
1,0.929473617435739,1.03503394963121,33,17,0.0705263825642608,0.285459138887903,2.5144591388883,17,0.6,1.2
1,0.929098352772904,1.04233405128381,33,18,0.0709016472270958,0.303590844905527,2.53259084490566,18,0.6,1.2
1,0.895290029013184,1,18,1,0.104709970986816,0.29430931078635,2.5233093107866,19,0.6,1.2
1,0.895259754308247,1.01549606545363,18,20,0.104740245691753,0.326423848320863,2.55542384832097,20,0.6,1.2
1,0.89524985733889,1.02002532487697,18,21,0.10475014266111,0.336006203050443,2.56500620305047,21,0.6,1.2
1,0.89523014508094,1.02825335164817,18,22,0.10476985491906,0.354175691764305,2.58317569176398,22,0.6,1.2
1,0.903116222213833,1,18,1,0.0968837777861665,0.243954519696026,2.47295451969592,23,0.6,1.2
1,0.903102276170968,1,18,1,0.0968977238290317,0.24644093136974,2.47544093136952,24,0.6,1.2
1,0.90301613735501,1.00265496159939,18,25,0.0969838626449901,0.261837988371713,2.49083798837177,25,0.6,1.2
1,0.928014334527052,1,18,1,0.0719856654729476,0.163219523720418,2.39221950205689,26,0.6,1.2
1,0.92801415033157,1,18,1,0.0719858496684305,0.16327536452229,2.39227534477891,27,0.6,1.2
1,0.927939908007159,1,18,1,0.0720600919928408,0.166676917901748,2.39567689972802,28,0.6,1.2
1,0.927829922534444,1,18,1,0.0721700774655564,0.171754685850401,2.40075466509751,29,0.6,1.2
1,0.927727656296649,1,18,1,0.0722723437033511,0.177258099199431,2.4062580761381,30,0.6,1.2
1,0.927315198514616,1,18,1,0.0726848014853836,0.195564999541829,2.42456496302282,31,0.6,1.2
1,0.927134244878923,1,18,1,0.072865755121077,0.203135573915294,2.43213552917609,32,0.6,1.2
1,0.926831990040523,1,18,1,0.0731680099594767,0.214434059791827,2.44343399533648,33,0.6,1.2
1,0.895413712478628,1,18,1,0.104586287521372,0.290590913855621,2.33384091385545,2,0.65,1.2
1,0.90387815873325,1,18,1,0.0961218412667501,0.241288971950128,2.2845389719501,3,0.65,1.2
1,0.910134308323394,1,18,1,0.0898656916766055,0.219757713763238,2.26300771376316,4,0.65,1.2
1,0.916643044803545,1,18,1,0.0833569551964554,0.199642718407209,2.24289271840689,5,0.65,1.2
1,0.930722037145685,1,18,1,0.0692779628543151,0.159389987639622,2.20263996799275,6,0.65,1.2
1,0.933790952837842,1,18,1,0.0662090471621579,0.158411128459932,2.20166111115645,7,0.65,1.2
1,0.934832859530914,1,33,1,0.0651671404690863,0.161023106622325,2.20427309137619,8,0.65,1.2
1,0.934582941312317,1,33,1,0.0654170586876832,0.173355387351824,2.21660537043846,9,0.65,1.2
1,0.934283552450998,1,33,1,0.0657164475490017,0.188187341526045,2.23143732074959,10,0.65,1.2
1,0.934231153167106,1,33,1,0.0657688468328944,0.191298457070307,2.23454843562649,11,0.65,1.2
1,0.934121921431728,1.00035038547469,33,12,0.0658780785682722,0.197781100684329,2.24103107767974,12,0.65,1.2
1,0.933517575228125,1.0138644197858,33,13,0.0664824247718749,0.22672780648632,2.26997776516868,13,0.65,1.2
1,0.93321225091763,1.01841712638517,33,14,0.0667877490823696,0.238831509218431,2.28208144746731,14,0.65,1.2
1,0.932888260178519,1.0244388002081,33,15,0.0671117398214811,0.253744693906045,2.29699459951064,15,0.65,1.2
1,0.932490450250214,1.03235327939696,33,16,0.0675095497497858,0.273314427474232,2.31656442747408,16,0.65,1.2
1,0.931537063530038,1.04466546490794,33,17,0.0684629364699617,0.310834270198854,2.35408427019877,17,0.65,1.2
1,0.931108390469922,1.05242396919455,33,18,0.068891609530078,0.331558894542673,2.37480889454247,18,0.65,1.2
1,0.895410021230289,1,18,1,0.104589978769711,0.294435377090413,2.33768537709039,19,0.65,1.2
1,0.895373523201552,1.01742919428217,18,20,0.104626476798448,0.333152260788193,2.37640226078838,20,0.65,1.2
1,0.895361785786657,1.02236885712278,18,21,0.104638214213343,0.34451340143625,2.3877634014363,21,0.65,1.2
1,0.895338681961362,1.03126094294109,18,22,0.104661318038638,0.365799599550545,2.4090495995506,22,0.65,1.2
1,0.903872931182647,1,18,1,0.0961270688173533,0.242262134073937,2.285512134074,23,0.65,1.2
1,0.903843344410483,1,18,1,0.0961566555895175,0.247537518889243,2.29078751888892,24,0.65,1.2
1,0.903736925641571,1.00580000042609,18,25,0.0962630743584293,0.266560819806978,2.30981081980673,25,0.65,1.2
1,0.93072036929825,1,18,1,0.0692796307017504,0.159514990329224,2.20276497235062,26,0.65,1.2
1,0.930703724289403,1,18,1,0.0692962757105973,0.16045649581782,2.20370647939774,27,0.65,1.2
1,0.930552146160152,1,18,1,0.0694478538398483,0.167422625002142,2.21067260907716,28,0.65,1.2
1,0.930381203886719,1,18,1,0.0696187961132807,0.175321288761095,2.21857126973958,29,0.65,1.2
1,0.930244930472455,1,18,1,0.0697550695275452,0.182660510802904,2.22591048925011,30,0.65,1.2
1,0.929741570067206,1,18,1,0.0702584299327942,0.204991509191669,2.24824147219067,31,0.65,1.2
1,0.929527726553316,1,18,1,0.0704722734466844,0.213930115587444,2.25718006872114,32,0.65,1.2
1,0.929179388572568,1.00082733251153,18,33,0.0708206114274322,0.226930775554792,2.27018070442739,33,0.65,1.2
1,0.895534362670175,1,18,1,0.104465637329825,0.290037184505889,2.14753718450595,2,0.7,1.2
1,0.904640533798986,1,18,1,0.0953594662010137,0.238564689583756,2.09606468958356,3,0.7,1.2
1,0.911362207907311,1,18,1,0.0886377920926892,0.216636481266488,2.07413648126646,4,0.7,1.2
1,0.918347342662253,1,18,1,0.0816526573377474,0.196331786155739,2.05383172863463,5,0.7,1.2
1,0.933420950363201,1,18,1,0.0665790496367985,0.156105309391016,2.01360529301638,6,0.7,1.2
1,0.936683318471843,1,18,1,0.0633166815281571,0.15578778031515,2.01328776561752,7,0.7,1.2
1,0.937452438536968,1,33,1,0.0625475614630316,0.16087003946395,2.01837002624558,8,0.7,1.2
1,0.937120449669287,1,33,1,0.0628795503307132,0.177256962880612,2.03475694720964,9,0.7,1.2
1,0.936739128913087,1.00034014613376,33,10,0.0632608710869129,0.196153946028779,2.05365392523646,10,0.7,1.2
1,0.936674317435311,1.00241654278736,33,11,0.0633256825646886,0.20000800572029,2.05750798398299,11,0.7,1.2
1,0.936541293331624,1.00647614413655,33,12,0.0634587066683759,0.207915536131171,2.06541551214968,12,0.7,1.2
1,0.935817352081266,1.02122816475707,33,13,0.0641826479187341,0.242587110854574,2.10008705713904,13,0.7,1.2
1,0.935456293919622,1.02616920084387,33,14,0.064543706080378,0.256878939316518,2.11437893931645,14,0.7,1.2
1,0.935081473553731,1.03261720548157,33,15,0.0649185264462693,0.274127334598688,2.13162733459853,15,0.7,1.2
1,0.934625741337665,1.04106210490931,33,16,0.0653742586623348,0.296557094433427,2.15405709443331,16,0.7,1.2
1,0.933537319294806,1.05406609402144,33,17,0.066462680705194,0.339330424289862,2.19683042428954,17,0.7,1.2
1,0.933053307012223,1.06226264055185,33,18,0.0669466929877772,0.362744141345313,2.22024414134523,18,0.7,1.2
1,0.895529913101021,1,18,1,0.104470086898979,0.294671518625258,2.15217151862532,19,0.7,1.2
1,0.895486656837458,1.01935219792839,18,20,0.104513343162542,0.340558498059155,2.19805849805908,20,0.7,1.2
1,0.895472939470591,1.02469703772593,18,21,0.104527060529409,0.353832475101882,2.2113324751021,21,0.7,1.2
1,0.895446209303945,1.03424160925025,18,22,0.104553790696055,0.378449001175567,2.23594900117575,22,0.7,1.2
1,0.90462725177645,1,18,1,0.0953727482235501,0.241030091948214,2.09853009194802,23,0.7,1.2
1,0.904580010278235,1,18,1,0.0954199897217647,0.249453891280869,2.10695389128091,24,0.7,1.2
1,0.904451589984592,1.0089209623275,18,25,0.0955484100154076,0.272411688925931,2.12991168892614,25,0.7,1.2
1,0.933406609963425,1,18,1,0.0665933900365746,0.156912288242485,2.01441227326484,26,0.7,1.2
1,0.933371419681907,1,18,1,0.0666285803180928,0.158851990716508,2.01635197697954,27,0.7,1.2
1,0.933133818287097,1,18,1,0.066866181712903,0.169782757825108,2.02728274366308,28,0.7,1.2
1,0.932895991237327,1,18,1,0.0671040087626733,0.180776549198739,2.03827653141019,29,0.7,1.2
1,0.932722997353175,1,18,1,0.0672770026468252,0.190101495430145,2.04760147479107,30,0.7,1.2
1,0.932122706445802,1.00033874973459,18,31,0.0678772935541981,0.216720762575339,2.07422072353296,31,0.7,1.2
1,0.931874092212449,1.00366236515918,18,32,0.068125907787551,0.227104023386796,2.08460397179323,32,0.7,1.2
1,0.931477388198629,1.00765641302539,18,33,0.0685226118013705,0.241888102873284,2.09938801945839,33,0.7,1.2
1,0.8956549796394,1,18,1,0.1043450203606,0.289523596236839,1.96127359623688,2,0.75,1.2
1,0.905401567716849,1,18,1,0.0945984322831512,0.236106547059897,1.90785654706019,3,0.75,1.2
1,0.912586629201374,1,18,1,0.0874133707986255,0.213951235305412,1.88570123530525,4,0.75,1.2
1,0.920044936582254,1,18,1,0.0799550634177462,0.193634646615083,1.86538459469375,5,0.75,1.2
1,0.93610193128961,1,18,1,0.0638980687103899,0.153823190110617,1.82557317642107,6,0.75,1.2
1,0.939552491388098,1,18,1,0.0604475086119015,0.154255102326309,1.8260050897473,7,0.75,1.2
1,0.940046450012204,1,33,1,0.0599535499877961,0.162069587050995,1.83381957544128,8,0.75,1.2
1,0.939625611221356,1,33,1,0.0603743887786441,0.182848783096941,1.85459876822108,9,0.75,1.2
1,0.939156441171146,1.00585266627339,33,10,0.0608435588288538,0.206107152964318,1.87785713114778,10,0.75,1.2
1,0.939078451574298,1.00811205278858,33,11,0.0609215484257021,0.210752508033842,1.88250248480927,11,0.75,1.2
1,0.938920258808264,1.01251380196877,33,12,0.0610797411917362,0.220172068465683,1.89192204180841,12,0.75,1.2
1,0.938070062346533,1.0284660820917,33,13,0.0619299376534667,0.260887149434007,1.93263707133582,13,0.75,1.2
1,0.937650259386855,1.03377846847852,33,14,0.0623497406131447,0.277481162433737,1.94923116243388,14,0.75,1.2
1,0.937222365817659,1.04063676912978,33,15,0.0627776341823414,0.297167277900777,1.96891727790074,15,0.75,1.2
1,0.936706486440005,1.04959300797641,33,16,0.0632935135599948,0.322568950602928,1.99431895060286,16,0.75,1.2
1,0.935477293056251,1.06324788233646,33,17,0.0645227069437488,0.370812125781839,2.04256212578144,17,0.75,1.2
1,0.934936152679982,1.07186352750289,33,18,0.0718635275028929,0.397004314528045,2.0687543145263,18,0.75,1.2
1,0.895649704815115,1.00021636732602,18,19,0.104350295184885,0.295017540805091,1.96676754080499,19,0.75,1.2
1,0.895599162168639,1.02126520325533,18,20,0.104400837831361,0.348635232689786,2.02038523268982,20,0.75,1.2
1,0.895583328445438,1.02701009895728,18,21,0.104416671554562,0.363953002235745,2.03570300223561,21,0.75,1.2
1,0.895552743224887,1.03719586871225,18,22,0.104447256775113,0.3921076811636,2.06385768116348,22,0.75,1.2
1,0.905379202782766,1,18,1,0.0946207972172342,0.240255037535198,1.91200503753493,23,0.75,1.2
1,0.905312333428962,1.00100503506116,18,24,0.0946876665710376,0.252179466522763,1.92392946652262,24,0.75,1.2
1,0.905160242878608,1.01201832009091,18,25,0.0948397571213917,0.279370630954187,1.95112063095422,25,0.75,1.2
1,0.936073432882051,1,18,1,0.0639265671179485,0.155392418272373,1.82714240574001,26,0.75,1.2
1,0.936017690856544,1,18,1,0.0639823091434558,0.158438807651006,1.83018879608056,27,0.75,1.2
1,0.935685753497478,1,18,1,0.0643142465025222,0.173716976568122,1.84546696375463,28,0.75,1.2
1,0.935375427605337,1,18,1,0.0646245723946631,0.188065628206493,1.85981561112783,29,0.75,1.2
1,0.935163176440295,1,18,1,0.064836823559705,0.199517063246168,1.87126704278882,30,0.75,1.2
1,0.934460297110564,1.00661406048124,18,31,0.0655397028894357,0.230672322493375,1.90242227873483,31,0.75,1.2
1,0.934175144585201,1.01016685644531,18,32,0.0658248554147994,0.242572136904939,1.91432207592271,32,0.75,1.2
1,0.933727910614374,1.01436648135923,18,33,0.0662720893856265,0.259216592010833,1.93096648618479,33,0.75,1.2
1,0.895775563411028,1,18,1,0.104224436588972,0.28905012307322,1.77505012307307,2,0.8,1.2
1,0.906161266899747,1,18,1,0.0938387331002531,0.233913412811969,1.71991341281228,3,0.8,1.2
1,0.913807599032828,1,18,1,0.0861924009671717,0.211698953949298,1.69769895394893,4,0.8,1.2
1,0.921735901508543,1,18,1,0.0782640984914568,0.191545319897699,1.67754527300701,5,0.8,1.2
1,0.938765294056641,1,18,1,0.061234705943359,0.152527818182706,1.63852780669714,6,0.8,1.2
1,0.942398923564927,1,18,1,0.057601076435073,0.153794591443095,1.63979458058719,7,0.8,1.2
1,0.942615485439466,1,33,1,0.0573845145605338,0.164593337554431,1.65059332720915,8,0.8,1.2
1,0.942099341242662,1,33,1,0.0579006587573375,0.190086791277015,1.67608677672575,9,0.8,1.2
1,0.941536744215741,1.01129169485126,33,10,0.0584632557842594,0.217986363915276,1.70398633954164,10,0.8,1.2
1,0.941444866557303,1.01373017263594,33,11,0.0585551334426975,0.223468235009127,1.70946820842147,11,0.8,1.2
1,0.941260233527442,1.0184665646138,33,12,0.0587397664725583,0.234481085673151,1.72048105353952,12,0.8,1.2
1,0.940277571067976,1.03558346560608,33,13,0.0597224289320238,0.281536754793089,1.7675367547929,13,0.8,1.2
1,0.939796189812933,1.04125121160576,33,14,0.0602038101870671,0.300540141521659,1.78654014152158,14,0.8,1.2
1,0.939313132804979,1.04850475035842,33,15,0.0606868671950211,0.322759471386441,1.80875947138645,15,0.8,1.2
1,0.93873505499292,1.05795446743792,33,16,0.0612649450070799,0.351236632116773,1.8372366321168,16,0.8,1.2
1,0.93735963298127,1.07222179834607,33,17,0.0722217983460682,0.405156065561693,1.89115606555987,17,0.8,1.2
1,0.936759695656308,1.08123885086293,33,18,0.0812388508629329,0.434210355821802,1.92021035581689,18,0.8,1.2
1,0.895769396561678,1.00051168632826,18,19,0.104230603438322,0.295473249689336,1.78147324968933,19,0.8,1.2
1,0.895711046001007,1.02316833441086,18,20,0.104288953998993,0.357375292212126,1.8433752922121,20,0.8,1.2
1,0.895692962507233,1.02930826703733,18,21,0.104307037492767,0.374864829749248,1.86086482974957,21,0.8,1.2
1,0.895658299299354,1.04012422194341,18,22,0.104341700700646,0.40675996974763,1.89275996974771,22,0.8,1.2
1,0.906128802742775,1,18,1,0.0938711972572251,0.239933658288987,1.72593365828902,23,0.8,1.2
1,0.906040372120281,1.00318222855725,18,24,0.0939596278797187,0.255703909725663,1.74170390972591,24,0.8,1.2
1,0.905862993169908,1.01509253099038,18,25,0.0941370068300916,0.287418328665901,1.77341832866603,25,0.8,1.2
1,0.938721202615665,1,18,1,0.0612787973843349,0.154936962618054,1.64093695207669,26,0.8,1.2
1,0.93864297659733,1,18,1,0.0613570234026697,0.159194678066188,1.6451946682426,27,0.8,1.2
1,0.938208743163914,1,18,1,0.0617912568360857,0.179186757363247,1.66518674551583,28,0.8,1.2
1,0.937820595078556,1,18,1,0.0621794049214436,0.197136590350582,1.68313657333044,29,0.8,1.2
1,0.93756671159276,1.00142368482864,18,30,0.0624332884072403,0.210846870491261,1.69684684914017,30,0.8,1.2
1,0.936755921602721,1.01279318625585,18,31,0.0632440783972794,0.246770971609044,1.73277091834962,31,0.8,1.2
1,0.936432564985416,1.01656692774379,18,32,0.0635674350145844,0.260255024086922,1.74625494530403,32,0.8,1.2
1,0.935932738665265,1.02096235166988,18,33,0.0640672613347348,0.278833063432576,1.76483306343272,33,0.8,1.2
